ID,审计项ID,审计项标题,程序内容,是否主程序
1,1,是否制定相关的网络安全保障方案。,检查公司是否制定专门的建党100年网络安全保障方案。,是
2,2,是否按照建党100年网络保障要求开展网络安全风险排查。,a)检查公司是否制定建党100年网络保障自查清单。b)查看检查记录，确认公司是否根据清单对网络安全进行排查。,是
617,2,是否按照建党100年网络保障要求开展网络安全风险排查。,检查应急预案评估报告，判断是否根据应急演练的情况进行评估和更新。,否
644,2,是否按照建党100年网络保障要求开展网络安全风险排查。,a)检查“表L.3-电力情况-供电方式（可多选）”，访谈机房管理员，询问机房是否采用了双路市电；b)检查双路市电线路切换记录或供电部门相关协议，查看双路市电是否能够自动切换。,否
3,3,是否对网络安全风险排查所发现的问题进行整改。,检查记录，确认公司是否对建党100年网络保障自查所发现的问题进行整改。,是
4,4,公司是否建立IT治理委员会。,查阅IT治理委员会成立发文。,是
5,5,IT治理委员会是否由公司主要负责人、相关高级管理人员及相关部门负责人组成。,查阅IT治理委员会成立发文。,是
6,6,是否明确公司IT治理委员会工作职责，制定公司IT治理委员会议事规则，IT治理委员会审议内容是否全面。,查阅IT治理委员会成立发文或相关信息科技管理制度，了解IT治理委员职责和议事规则，确认其中是否包含拟订公司IT治理目标和IT治理工作计划，审议公司IT发展规划，审议公司年度IT工作计划和IT预算，审议...,是
7,7,是否定期召开会议决策信息技术治理重大事项,查阅IT治理委员会会议记录。,是
8,8,公司是否设置首席信息官岗位。,查阅公司人员岗位设置情况。,是
9,9,首席信息官是否满足任职资格要求。,查看首席信息官简历，确认首席信息官具有相关学习背景或工作经验。,是
10,10,分管IT的高管人员是否有IT专业背景或工作经验,查阅公司员工名录，取得IT部门及风险管理部门、合规管理部门员工职责分工表及员工简历，确认分管IT的高管人员是否有IT专业背景或工作经验。,是
252,10,分管IT的高管人员是否有IT专业背景或工作经验,检查是否建立备份与恢复管理相关的安全管理制度。,否
268,10,分管IT的高管人员是否有IT专业背景或工作经验,查看防火墙访问控制策略。,否
367,10,分管IT的高管人员是否有IT专业背景或工作经验,测试主要应用系统，可通过对系统进行超过规定的单个帐户的多重并发会话数进行连接，验证系统是否能够正确地限制单个帐户的多重并发会话数。,否
428,10,分管IT的高管人员是否有IT专业背景或工作经验,公司提供一年内发电机开机测试记录，应包括测试时间，测试结果等内容。,否
447,10,分管IT的高管人员是否有IT专业背景或工作经验,上机检查技术检测软件安装情况和检测记录,否
11,11,公司是否设立信息技术内部审计岗，配备专职信息技术审计人员。,查阅公司员工名录，取得公司内部审计部门岗位职责分工表。,是
12,12,信息技术审计人员是否有信息技术相关专业学历或工作经验。,查阅公司员工名录，取得公司内部审计部门岗位职责分工表。,是
13,13,公司是否设立信息技术合规及风险管理部门及岗位。,查阅公司员工名录，取得IT部门及风险管理部门、合规管理部门员工职责分工表及员工简历。,是
14,14,信息技术合规及风险管理岗位人员是否具有信息技术专业背景或相关IT工作经验。,查阅公司员工名录，取得IT部门及风险管理部门、合规管理部门员工职责分工表及员工简历，确认信息技术合规及风险管理岗位人员是否有IT专业背景或工作经验。,是
15,15,是否设立信息安全管理工作的职能部门，设立安全主管、安全管理各个方面的负责人岗位，并定义各负责人的职责。,a)访谈安全主管，询问是否设立信息安全管理工作的职能部门、安全主管、安全管理各个方面的负责人岗位；b)检查岗位职责文档，查看文档是否明确设置安全主管、安全管理各个方面的负责人、各个岗位的职责范围是否清...,是
16,16,机房管理员、网络管理员、系统管理员、数据库管理员、安全管理员等关键岗位是否设置主备岗。,a)检查“表L.1-按岗位人员情况”，检查运维岗位分工及岗位职责说明，机房管理员、网络管理员、系统管理员、数据库管理员、安全管理员等关键岗位是否设置主备岗；b)访谈机房管理员、网络管理员、系统管理员、...,是
17,17,关键岗位是否进行分离，兼岗时是否满足岗位相互制约的要求。,检查运维岗位分工及岗位职责说明，机房管理员、网络管理员、系统管理员、数据库管理员、安全管理员等关键岗位的职责范围是否清晰、明确，有相互制约的要求。,是
18,18,公司是否配备足够的信息技术人员，公司的IT工作人员总数不少于公司员工总人数的6%。,a)检查“表O.1-人员基本情况”、技术部门员工的情况说明，应包括总部技术部门人员名单及占比情况计算；b)检查正式员工花名册及员工人数统计（以与公司签订劳动合同，且具有从业资格为准）；c)检查技术部门...,是
19,19,是否建立信息技术管理制度和操作流程的制定、发布、维护和更新的机制。,检查制度和操作流程维护相关办法，是否有关于制定、发布、维护和更新的规定。,是
20,20,是否至少每年一次评审、修订信息技术管理制度和操作流程。,检查评审、修订信息技术管理制度和操作流程的记录，是否每年对制度和操作流程进行了评审、修订。,是
21,21,是否制定软件开发管理制度。,检查是否有软件开发方面的管理制度。,是
22,22,软件开发管理制度中是否明确软件设计、开发、测试、验收过程的控制方法和人员行为准则。,查看开发管理制度是否明确软件设计、开发、测试、验收过程的控制方法和人员行为准则。,是
246,22,软件开发管理制度中是否明确软件设计、开发、测试、验收过程的控制方法和人员行为准则。,查看开发管理制度是否明确软件设计、开发、测试、验收过程的控制方法和人员行为准则。,否
571,22,软件开发管理制度中是否明确软件设计、开发、测试、验收过程的控制方法和人员行为准则。,抽查修订记录，确认业务或信息系统发生重大变更时，是否对相关系统操作手册及规程进行修订并经过审批。,否
579,22,软件开发管理制度中是否明确软件设计、开发、测试、验收过程的控制方法和人员行为准则。,a)访谈信息技术负责人，询问是否根据系统的安全保护等级选择基本安全措施，并依据风险分析的结果补充和调整安全措施；b)检查基本安全措施相关文档和修订、完善安全策略的记录。,否
586,22,软件开发管理制度中是否明确软件设计、开发、测试、验收过程的控制方法和人员行为准则。,a)检查应用系统的用户角色或权限的分配情况，查看是否仅授予不同帐户为完成各自承担任务所需的最小权限，特权用户的权限是否分离，权限之间是否相互制约，如系统管理员不能进行审计操作、审计员不能进行系统管理操...,否
587,22,软件开发管理制度中是否明确软件设计、开发、测试、验收过程的控制方法和人员行为准则。,a)检查应用系统的用户角色或权限的分配情况，查看是否仅授予不同帐户为完成各自承担任务所需的最小权限，特权用户的权限是否分离，权限之间是否相互制约，如系统管理员不能进行审计操作、审计员不能进行系统管理操...,否
626,22,软件开发管理制度中是否明确软件设计、开发、测试、验收过程的控制方法和人员行为准则。,a)检查是否有信息系统运行维护年度预算计划；b)检查是否有预算审批记录和审计记录。,否
635,22,软件开发管理制度中是否明确软件设计、开发、测试、验收过程的控制方法和人员行为准则。,检查审计记录是否至少保存6个月。,否
23,23,是否建立运维管理制度。,检查运维管理制度。,是
24,24,运维管理制度是否对日常操作、监控管理、事件处理、问题处理、数据和介质管理、机房管理、安全管理、应急处置进行规范。,检查运维管理制度，判断是否对日常操作、监控管理、事件处理、问题处理、数据和介质管理、机房管理、安全管理、应急处置进行规范。,是
25,25,是否建立变更管理制度。,a)文档审阅，是否建立变更管理制度。,是
26,26,变更管理制度是否包含系统发生变更前，向主管领导申请，变更和变更方案经过评审、审批后方可实施变更，并在实施后将变更情况向相关人员通告。,检查变更管理制度，系统发生变更前，是否向主管领导申请； c)变更和变更方案是否经过评审、审批后方可实施变更，并在实施后将变更情况向相关人员通告。,是
27,27,是否建立IT审计制度或在公司审计制度内对IT审计进行要求。,检查IT审计制度或公司审计制度。,是
28,28,是否建立备份与恢复管理相关的安全管理制度。,检查是否建立备份与恢复管理相关的安全管理制度。,是
29,29,备份与恢复管理相关的安全管理制度只是否对备份信息的备份方式、备份频度、存储介质和保存期等进行规范。,检查备份与恢复管理相关的安全管理制度是否对备份信息的备份方式、备份频度、存储介质和保存期等进行规范。,是
253,29,备份与恢复管理相关的安全管理制度只是否对备份信息的备份方式、备份频度、存储介质和保存期等进行规范。,检查备份与恢复管理相关的安全管理制度是否对备份信息的备份方式、备份频度、存储介质和保存期等进行规范。,否
497,29,备份与恢复管理相关的安全管理制度只是否对备份信息的备份方式、备份频度、存储介质和保存期等进行规范。,a)访谈网络管理员安全访问控制策略；b)审阅网络拓扑图，查看防火墙、入侵检测等安全设备的配备情况；c)查看安全设备的接口参数、过滤规则等相关文档资料；d)查看安全测试记录或第三方安全测试报告。,否
620,29,备份与恢复管理相关的安全管理制度只是否对备份信息的备份方式、备份频度、存储介质和保存期等进行规范。,检查关联单位联系表，是否包括单位名称、业务事项、联系人、联系方式、备注等，并及时更新。,否
30,30,是否建立信息安全事件相关管理制度。,检查是否建立信息安全事件相关管理制度。,是
31,31,信息安全事件相关管理制度中是否制定安全事件报告和响应处理程序，确定事件的报告流程，响应和处置的范围、程度，以及处理方法等。,检查信息安全事件相关管理制度是否细化了不同安全事件的处理和报告程序，是否明确具体报告方式、报告内容、报告人等方面内容，造成系统中断和造成信息泄密的重大安全事件是否采用了不同于其他的处理程序和报告程序。,是
255,31,信息安全事件相关管理制度中是否制定安全事件报告和响应处理程序，确定事件的报告流程，响应和处置的范围、程度，以及处理方法等。,检查信息安全事件相关管理制度是否细化了不同安全事件的处理和报告程序，是否明确具体报告方式、报告内容、报告人等方面内容，造成系统中断和造成信息泄密的重大安全事件是否采用了不同于其他的处理程序和报告程序。,否
299,31,信息安全事件相关管理制度中是否制定安全事件报告和响应处理程序，确定事件的报告流程，响应和处置的范围、程度，以及处理方法等。,a)访谈系统管理员，询问是否定期对系统进行漏洞扫描，扫描周期多长； b)检查是否至少每季进行一次漏洞扫描。,否
472,31,信息安全事件相关管理制度中是否制定安全事件报告和响应处理程序，确定事件的报告流程，响应和处置的范围、程度，以及处理方法等。,检查运维值班管理制度，判断是否对日常操作、监控管理、事件处理、问题处理、数据和介质管理、机房管理、安全管理、应急处置进行规范。,否
523,31,信息安全事件相关管理制度中是否制定安全事件报告和响应处理程序，确定事件的报告流程，响应和处置的范围、程度，以及处理方法等。,a)访谈系统管理员，询问是否定期对系统进行漏洞扫描，扫描周期多长，发现漏洞是否及时修补，在安装系统补丁前是否对重要文件进行备份，是否先在测试环境中测试通过再安装；b)检查是否至少每季进行一次漏洞扫描，...,否
32,32,公司是否制定IT合规及风险管理策略和制度。,查阅公司合规及风险管理制度，是否包括IT 相关内容。,是
33,33,是否建立供应商管理制度。,检查供应商管理制度。,是
257,33,是否建立供应商管理制度。,检查供应商管理制度。,否
290,33,是否建立供应商管理制度。,监测是否定时扫描网页、文件、链接，监测网站页面篡改、域名劫持、被插入暗链、跳转代码等安全事件。,否
471,33,是否建立供应商管理制度。,查阅公司正式发文，是否设立机房管理负责人。,否
473,33,是否建立供应商管理制度。,查阅公司正式发文，是否设立机房管理负责人。,否
480,33,是否建立供应商管理制度。,查阅公司正式发文，是否设立机房管理负责人。,否
645,33,是否建立供应商管理制度。,检查机房验收合格证明，是否采用了防静电地板或敷设防静电地板。,否
646,33,是否建立供应商管理制度。,检查机房验收合格证明，是否采用了防静电地板或敷设防静电地板。,否
34,34,是否对年度安全教育和培训进行书面规定，针对运维人员等不同岗位制定不同的培训计划，对信息安全基础知识、岗位操作规程、机房消防及相关应急内容等进行培训，并留存培训记录。,a)检查安全教育和培训计划文档，查看计划是否明确了培训方式、培训对象、培训内容、培训时间和地点等，培训内容是否包含信息安全基础知识、岗位操作规程、机房消防及相关应急内容等；b)检查安全教育和培训记录，...,是
35,35,安全教育培训是否覆盖全体员工。,检查安全教育和培训计划文档，确认安全教育培训是否覆盖全体员工。,是
36,36,安全教育培训是否每年进行一次。,检查安全教育和培训计划文档，确认安全教育培训是否至少每年进行一次。,是
37,37,安全教育培训是否包含网络攻击防范以及员工邮件安全意识教育，提高员工对网络攻击尤其是钓鱼邮件、仿冒邮件的辨识能力。,检查安全教育和培训计划和安全教育和培训记录，查看记录是否有网络攻击防范相关内容，是否有员工邮件安全意识教育相关内容。,是
248,37,安全教育培训是否包含网络攻击防范以及员工邮件安全意识教育，提高员工对网络攻击尤其是钓鱼邮件、仿冒邮件的辨识能力。,检查运维管理制度，判断是否对日常操作、监控管理、事件处理、问题处理、数据和介质管理、机房管理、安全管理、应急处置进行规范。,否
38,38,是否对各个岗位的人员至少每年一次进行安全技能及安全认知的考核。,a)访谈安全主管，询问是否定期对各个岗位人员进行安全技能及安全知识的考核；_x000b_b)检查相关岗位的安全技能和安全认知的考核记录，查验安全技能和安全认知的考核是否至少每年一次。,是
39,39,是否对安全技能及安全认知考核结果进行记录并保存。,a)检查是否对岗位人员的安全技能及安全认知考核结果进行记录；_x000b_b)记录是否得到妥善保存。,是
40,40,安全技能和安全认知考核是否覆盖所有岗位。,检查考核记录，查看考核人员是否包括各个岗位的人员。,是
41,41,安全技能和安全认知考核覆盖内容是否全面。,检查考核记录，查看考核内容是否包含安全知识、安全技能等。,是
231,41,安全技能和安全认知考核覆盖内容是否全面。,查阅IT治理委员会会议记录。,否
256,41,安全技能和安全认知考核覆盖内容是否全面。,查阅公司合规及风险管理制度，是否包括IT 相关内容。,否
264,41,安全技能和安全认知考核覆盖内容是否全面。,检查考核记录，查看考核人员是否包括各个岗位的人员。,否
269,41,安全技能和安全认知考核覆盖内容是否全面。,调阅运维网络远程接入管理相关制度，确认是否建立远程运维网络渠道使用的申请和审批流程，对于远程运维使用白名单方式严格控制。,否
304,41,安全技能和安全认知考核覆盖内容是否全面。,"a)查看防病毒软件策略，确认是否成功部署了定期全面扫描。
b)查看病毒扫描记录，判断是否定期对服务器和终端进行全面病毒扫描。",否
306,41,安全技能和安全认知考核覆盖内容是否全面。,查看安全检查记录，判断全面安全检查是否至少每年一次,否
323,41,安全技能和安全认知考核覆盖内容是否全面。,访谈开发负责人，询问是否为系统测试配备必要的人员和设备资源。,否
438,41,安全技能和安全认知考核覆盖内容是否全面。,查阅公司提供的驻场外包人员的入场和离场记录。,否
42,42,是否对安全责任和惩戒措施进行书面规定并告知相关人员，并对违反违背安全策略和规定的人员进行惩戒。,a)检查安全责任和惩戒措施管理文档，查看是否包含具体的安全责任和惩戒措施；b)检查安全责任惩戒记录，是否对违反安全策略和规定的人员进行惩戒。,是
43,43,是否建立信息系统数据管理制度，对在线和离线数据的使用、备份、存放、保护及恢复验证等活动进行规范。,a）检查是否建立信息系统数据管理制度；b）数据管理制度是否对在线和离线数据的使用、备份、存放、保护及恢复验证等活动进行规范。,是
267,43,是否建立信息系统数据管理制度，对在线和离线数据的使用、备份、存放、保护及恢复验证等活动进行规范。,a）检查是否建立信息系统数据管理制度；b）数据管理制度是否对在线和离线数据的使用、备份、存放、保护及恢复验证等活动进行规范。,否
345,43,是否建立信息系统数据管理制度，对在线和离线数据的使用、备份、存放、保护及恢复验证等活动进行规范。,查看评估记录，是否每日分析核心交易业务系统监控日志及巡检记录，并跟踪处理日志分析中发现的异常事件。,否
479,43,是否建立信息系统数据管理制度，对在线和离线数据的使用、备份、存放、保护及恢复验证等活动进行规范。,检查是否有安全事件报告和处置管理制度，查看其是否细化了不同安全事件的处理和报告程序，是否明确具体报告方式、报告内容、报告人等方面内容，造成系统中断和造成信息泄密的重大安全事件是否采用了不同于其他的处理...,否
486,43,是否建立信息系统数据管理制度，对在线和离线数据的使用、备份、存放、保护及恢复验证等活动进行规范。,a)访谈安全主管，询问是否定期对各个岗位人员进行安全技能及安全知识的考核；b)检查考核记录，查看考核人员是否包括各个岗位的人员，考核内容是否包含安全知识、安全技能等。检查相关岗位的安全技能和安全认知的...,否
488,43,是否建立信息系统数据管理制度，对在线和离线数据的使用、备份、存放、保护及恢复验证等活动进行规范。,a)访谈安全主管，询问是否定期对各个岗位人员进行安全技能及安全知识的考核；b)检查考核记录，查看考核人员是否包括各个岗位的人员，考核内容是否包含安全知识、安全技能等。检查相关岗位的安全技能和安全认知的...,否
491,43,是否建立信息系统数据管理制度，对在线和离线数据的使用、备份、存放、保护及恢复验证等活动进行规范。,a）检查是否建立信息系统数据管理制度；b）数据管理制度是否对在线和离线数据的使用、备份、存放、保护及恢复验证等活动进行规范。,否
569,43,是否建立信息系统数据管理制度，对在线和离线数据的使用、备份、存放、保护及恢复验证等活动进行规范。,查看评估记录，是否每日分析核心交易业务系统监控日志及巡检记录，并跟踪处理日志分析中发现的异常事件。,否
44,44,是否按照最小化原则配置防火墙访问控制策略。,查看防火墙访问控制策略。,是
45,45,应对远程接入内部网络的行为进行严格限制。,调阅运维网络远程接入管理相关制度，确认是否建立远程运维网络渠道使用的申请和审批流程，对于远程运维使用白名单方式严格控制。,是
46,46,是否在网络边界处部署防病毒网关等设备对恶意代码进行检测和清除。,查看网络安全规划文档和访谈网络安全管理员，检查网络边界恶意代码防护策略，检查在网络边界及核心业务网段处是否有相应的防恶意代码措施。,是
47,47,是否定期检查防病毒网关和邮件防病毒网关的恶意代码库的升级情况并进行记录。,a)询问安全管理员，防病毒网关和邮件防病毒网关的恶意代码库的升级机制； b)检查恶意代码库的升级记录，判断是否定期。,是
48,48,是否对截获的危险病毒或恶意代码进行及时分析处理，并形成书面的报表和总结汇报。,检查恶意代码分析报告，确认对防病毒网关和邮件防病毒网关上截获的危险病毒或恶意代码进行了及时分析处理。,是
49,49,是否综合运用入侵检测等安全设备，保护网络与系统；是否正确设置安全设备的接口参数和过滤规则。,a)访谈网络管理员安全访问控制策略；_x000b_b)审阅网络拓扑图，查看入侵检测等安全设备的配备情况；_x000b_c)查看安全设备的接口参数、过滤规则等相关文档资料；_x000b_d)查看安全测试...,是
50,50,是否在网络边界处监视以下攻击行为：端口扫描、强力攻击、木马后门攻击、拒绝服务攻击、缓冲区溢出攻击、IP碎片攻击和网络蠕虫攻击等。,a)检查“表L.3-该机房的网络安全检查情况”、网络入侵防范设备，查看是否能检测以下攻击行为：端口扫描、强力攻击、木马后门攻击、拒绝服务攻击、缓冲区溢出攻击、IP碎片攻击、网络蠕虫攻击等；_x000b...,是
274,50,是否在网络边界处监视以下攻击行为：端口扫描、强力攻击、木马后门攻击、拒绝服务攻击、缓冲区溢出攻击、IP碎片攻击和网络蠕虫攻击等。,a)检查“表L.3-该机房的网络安全检查情况”、网络入侵防范设备，查看是否能检测以下攻击行为：端口扫描、强力攻击、木马后门攻击、拒绝服务攻击、缓冲区溢出攻击、IP碎片攻击、网络蠕虫攻击等；_x000b...,否
321,50,是否在网络边界处监视以下攻击行为：端口扫描、强力攻击、木马后门攻击、拒绝服务攻击、缓冲区溢出攻击、IP碎片攻击和网络蠕虫攻击等。,a)访谈开发负责人，询问是否根据系统上线要求制定测试方案，确定采用的测试方法和测试流程； b)检查是否具有测试方案，是否包括覆盖功能、性能、容量、安全性、稳定性等方面。,否
498,50,是否在网络边界处监视以下攻击行为：端口扫描、强力攻击、木马后门攻击、拒绝服务攻击、缓冲区溢出攻击、IP碎片攻击和网络蠕虫攻击等。,a)检查“表L.3-该机房的网络安全检查情况”、网络入侵防范设备，查看是否能检测以下攻击行为：端口扫描、强力攻击、木马后门攻击、拒绝服务攻击、缓冲区溢出攻击、IP碎片攻击、网络蠕虫攻击等；b)检查入侵...,否
51,51,当检测到攻击行为时，是否记录攻击源IP、攻击类型、攻击目的、攻击时间，在发生严重入侵事件时是否提供报警。,检查网络入侵防范设备的入侵报警记录，查看记录中是否包括入侵的源IP、攻击的类型、攻击的目的、攻击的时间等。,是
239,51,当检测到攻击行为时，是否记录攻击源IP、攻击类型、攻击目的、攻击时间，在发生严重入侵事件时是否提供报警。,a)访谈安全主管，询问是否设立信息安全管理工作的职能部门、安全主管、安全管理各个方面的负责人岗位；b)检查岗位职责文档，查看文档是否明确设置安全主管、安全管理各个方面的负责人、各个岗位的职责范围是否清...,否
275,51,当检测到攻击行为时，是否记录攻击源IP、攻击类型、攻击目的、攻击时间，在发生严重入侵事件时是否提供报警。,检查网络入侵防范设备的入侵报警记录，查看记录中是否包括入侵的源IP、攻击的类型、攻击的目的、攻击的时间等。,否
463,51,当检测到攻击行为时，是否记录攻击源IP、攻击类型、攻击目的、攻击时间，在发生严重入侵事件时是否提供报警。,a)访谈安全主管，询问是否设立信息安全管理工作的职能部门、安全主管、安全管理各个方面的负责人岗位；b)检查岗位职责文档，查看文档是否明确设置安全主管、安全管理各个方面的负责人、各个岗位的职责范围是否清...,否
476,51,当检测到攻击行为时，是否记录攻击源IP、攻击类型、攻击目的、攻击时间，在发生严重入侵事件时是否提供报警。,检查是否建立备份与恢复管理相关的安全管理制度，对备份信息的备份方式、备份频度、存储介质和保存期等进行规范。,否
477,51,当检测到攻击行为时，是否记录攻击源IP、攻击类型、攻击目的、攻击时间，在发生严重入侵事件时是否提供报警。,检查是否建立备份与恢复管理相关的安全管理制度，对备份信息的备份方式、备份频度、存储介质和保存期等进行规范。,否
499,51,当检测到攻击行为时，是否记录攻击源IP、攻击类型、攻击目的、攻击时间，在发生严重入侵事件时是否提供报警。,检查网络入侵防范设备的入侵报警记录，查看记录中是否包括入侵的源IP、攻击的类型、攻击的目的、攻击的时间等。,否
581,51,当检测到攻击行为时，是否记录攻击源IP、攻击类型、攻击目的、攻击时间，在发生严重入侵事件时是否提供报警。,a)检查主要应用系统，查看审计范围是否覆盖到每个用户，审计策略是否覆盖系统内重要的安全相关事件，例如，用户标识与鉴别、访问控制的所有操作记录、重要用户行为、系统资源的异常使用、重要系统命令的使用等；b...,否
629,51,当检测到攻击行为时，是否记录攻击源IP、攻击类型、攻击目的、攻击时间，在发生严重入侵事件时是否提供报警。,a)检查是否有与IT检查审计相关的管理制度，查看其是否要求对IT运维制度的执行情况和运维工作开展情况定期进行检查和审计；b)检查审计期内的IT检查和审计记录，是否每年至少每年进行一次IT 运维审计。,否
649,51,当检测到攻击行为时，是否记录攻击源IP、攻击类型、攻击目的、攻击时间，在发生严重入侵事件时是否提供报警。,a)检查“表L.3-UPS”，现场检查UPS实际供电能力是否能够满足主要设备在断电情况下正常运行2个小时以上；b)检查UPS设备运行记录、定期检查和维护记录。,否
52,52,是否使用堡垒机对操作系统、数据库、网络设备进行管控。,检查是否使用堡垒机。,是
53,53,操作系统、数据库、网络设备、堡垒机应设置密码安全策略。,调阅操作系统、数据库、网络设备、堡垒机用户管理或访问控制相关制度，明确是否对密码最小长度、密码复杂度、历史密码进行要求。,是
54,54,应建立用户认证和访问控制流程。,调阅操作系统、数据库、堡垒机用户管理或访问控制相关制度，明确是否制定了用户权限申请、审批、更新、注销流程。,是
55,55,是否建立补丁管理流程，持续跟踪厂商提供的系统升级更新情况，在经过充分的测试评估后对必要的系统补丁进行及时更新。,调阅相关制度，确认是否建立补丁管理流程。,是
56,56,是否通过设置升级服务器等方式保持系统补丁及时得到更新。,查看是否设置升级服务器。,是
57,57,在安装系统补丁前是否对重要文件进行备份，在测试环境中测试通过再安装。,检查按照补丁前是否对重要文件进行备份，在测试环境中测试。,是
58,58,是否对所有服务器安装防木马、病毒等防恶意代码软件，定期进行全面检查，并及时更新防恶意代码软件版本和恶意代码库。a)原则上所有主机应安装防恶意代码软件，系统不支持该要求的除外；b)未安装防恶意代码软件的主机，应采取有效措施进行恶意代码防范。,查看“表L.3-该机房的病毒木马防护软件情况”，检查关键服务器的恶意代码防范策略，对支持安装防恶意代码软件的主机操作系统，查看是否安装了实时检测与查杀恶意代码的软件产品，并且及时更新了软件版本和恶意代...,是
282,58,是否对所有服务器安装防木马、病毒等防恶意代码软件，定期进行全面检查，并及时更新防恶意代码软件版本和恶意代码库。a)原则上所有主机应安装防恶意代码软件，系统不支持该要求的除外；b)未安装防恶意代码软件的主机，应采取有效措施进行恶意代码防范。,查看“表L.3-该机房的病毒木马防护软件情况”，检查关键服务器的恶意代码防范策略，对支持安装防恶意代码软件的主机操作系统，查看是否安装了实时检测与查杀恶意代码的软件产品，并且及时更新了软件版本和恶意代...,否
641,58,是否对所有服务器安装防木马、病毒等防恶意代码软件，定期进行全面检查，并及时更新防恶意代码软件版本和恶意代码库。a)原则上所有主机应安装防恶意代码软件，系统不支持该要求的除外；b)未安装防恶意代码软件的主机，应采取有效措施进行恶意代码防范。,a)检查关联单位联系表，是否包括证券期货行业监管部门、协会，当地政府部门，公安机关，交易所等市场核心机构，其他证券期货经营机构，银行机构，电力和通信设施保障机构，软硬件供应商，技术服务商和物业公司等；...,否
59,59,是否对终端软件安装进行限制和管理。,查看终端，确认终端是否安装终端管理系统，确认终端管理系统是否能够对终端软件安装进行限制。,是
60,60,是否对所有终端安装防木马、病毒等防恶意代码软件。,检查办公、生产、开发测试终端的恶意代码防范策略。,是
61,61,是否设置专人负责室外LED大屏的安全管理。,询问是否设置专人负责室外LED大屏的安全管理，检查岗位职责说明书等相关文档。,是
62,62,是否配置LED屏幕播放内容监控设备。,检查确认配置LED屏幕播放内容监控设备,是
63,63,是否对LED屏幕操作权限进行控制。,如果能通过远程方式管理LED屏幕，确认使用了高强度口令，并修改了默认口令。,是
64,64,是否建立安全管理中心，对设备状态、恶意代码、补丁升级、安全审计等安全相关事项进行集中管理。,访谈系统运维负责人，询问是否对通信线路、主机、网络设备和应用软件的运行状况，对设备状态、恶意代码、网络流量、补丁升级、安全审计等安全相关事项进行集中管理，是否形成监测记录文档，是否组织人员对监测记录进...,是
273,64,是否建立安全管理中心，对设备状态、恶意代码、补丁升级、安全审计等安全相关事项进行集中管理。,a)访谈网络管理员安全访问控制策略；_x000b_b)审阅网络拓扑图，查看入侵检测等安全设备的配备情况；_x000b_c)查看安全设备的接口参数、过滤规则等相关文档资料；_x000b_d)查看安全测试...,否
288,64,是否建立安全管理中心，对设备状态、恶意代码、补丁升级、安全审计等安全相关事项进行集中管理。,访谈系统运维负责人，询问是否对通信线路、主机、网络设备和应用软件的运行状况，对设备状态、恶意代码、网络流量、补丁升级、安全审计等安全相关事项进行集中管理，是否形成监测记录文档，是否组织人员对监测记录进...,否
328,64,是否建立安全管理中心，对设备状态、恶意代码、补丁升级、安全审计等安全相关事项进行集中管理。,访谈系统建设负责人，询问是否有专门的部门负责测试验收工作，由何部门负责。,否
343,64,是否建立安全管理中心，对设备状态、恶意代码、补丁升级、安全审计等安全相关事项进行集中管理。,a)查阅运维值班负责人及备岗人员名单；b)访谈运维值班负责人及备岗人员，询问是否知悉其职责范围包括：日常操作的部署、检查、风险控制、业务衔接等工作。,否
512,64,是否建立安全管理中心，对设备状态、恶意代码、补丁升级、安全审计等安全相关事项进行集中管理。,访谈系统运维负责人，询问是否对通信线路、主机、网络设备和应用软件的运行状况，对设备状态、恶意代码、网络流量、补丁升级、安全审计等安全相关事项进行集中管理，是否形成监测记录文档，是否组织人员对监测记录进...,否
552,64,是否建立安全管理中心，对设备状态、恶意代码、补丁升级、安全审计等安全相关事项进行集中管理。,访谈系统建设负责人，询问是否有专门的部门负责测试验收工作，由何部门负责；是否委托第三方测试机构对信息系统进行独立的安全性测试。,否
65,65,是否对系统大流量数据异常外传、非授权传输等数据访问情况进行监测。,检查是否对系统大流量数据异常外传、非授权传输等数据访问情况进行监测。,是
66,66,是否对网站进行安全监测。,监测是否定时扫描网页、文件、链接，监测网站页面篡改、域名劫持、被插入暗链、跳转代码等安全事件。,是
67,67,是否与CDN服务提供商、基础电信系运营企业联动，抵御DDOS攻击。,检查是否与CDN服务提供商、基础电信系运营企业联动，抵御DDOS攻击。,是
68,68,是否根据数据完整性、保密性、可用性等安全属性遭到破坏后的影响对象和影响程度综合对数据进行分级。,调阅数据安全相关制度，确认是否对按照数据的敏感程度对数据进行分类分级。,是
69,69,是否建立不同等级敏感数据保护流程。,调阅数据安全相关制度，确认是否明确不同级别敏感信息的管理要求包括数据的采集、处理、存贮、传输、加密、备份、恢复、清理和销毁等。,是
70,70,是否采取技术手段防止内部人员将系统架构、开发代码等内部数据泄露。,检查开发终端上是否使用技术手段防止开发人员泄露源代码。,是
71,71,在线数据和离线数据用于非生产环境时，是否进行脱敏处理；用于模拟测试时如无法进行脱敏处理，测试环境应采取与生产环境相当的安全措施。,访谈安全管理员，在线数据和离线数据用于非生产环境时，是否进行脱敏处理；用于模拟测试时如无法进行脱敏处理，测试环境的与生产环境安全措施是否相当。,是
72,72,是否建立离线数据的调阅、复制、传输、查询和登记流程。,检查离线数据维护记录，查看对离线数据的调阅、复制、传输、查询的授权审批记录。,是
73,73,离线数据存储介质入库前的调阅、复制、传输、查询是否进行了登记。,查看登记记录，检查确认离线数据存储介质入库前的调阅、复制、传输、查询进行了登记。,是
74,74,离线数据存储介质入库后的调阅、复制、传输、查询是否进行了登记。,查看登记记录，检查确认离线数据存储介质入库后的调阅、复制、传输、查询进行了登记。,是
75,75,是否建立至少每季度扫描并修补漏洞的工作机制，定义扫描检测的内容和程序，明确漏洞扫描工具和扫描频率，记录扫描结果及处理情况。,a)访谈系统管理员，询问是否定期对系统进行漏洞扫描，扫描周期多长； b)检查是否至少每季进行一次漏洞扫描。,是
76,76,是否对新上线的设备在接入运行网络前进行全面的安全检查。,a)访谈安全管理员，了解设备上线前的安全检查流程； b)查看设备上线前的漏洞扫描、渗透测试、病毒扫描、木马检测等扫描报告。,是
251,76,是否对新上线的设备在接入运行网络前进行全面的安全检查。,检查IT审计制度或公司审计制度。,否
277,76,是否对新上线的设备在接入运行网络前进行全面的安全检查。,调阅操作系统、数据库、网络设备、堡垒机用户管理或访问控制相关制度，明确是否对密码最小长度、密码复杂度、历史密码进行要求。,否
303,76,是否对新上线的设备在接入运行网络前进行全面的安全检查。,检查是否具有网上信息系统的渗透测试报告。,否
326,76,是否对新上线的设备在接入运行网络前进行全面的安全检查。,检查近期上线系统的测试报告。,否
330,76,是否对新上线的设备在接入运行网络前进行全面的安全检查。,a)访谈开发负责人，询问是否根据生产环境测试的结果设计系统升级过程及应急预案； b)抽查一次生产环境测试报告和系统变更方案。,否
340,76,是否对新上线的设备在接入运行网络前进行全面的安全检查。,查看运维管理相关系统，确认是否将事件和问题管理流程进行线上化管理。,否
459,76,是否对新上线的设备在接入运行网络前进行全面的安全检查。,a)检查设立信息系统运维组织的正式发文，查看运维岗位分工及岗位职责说明，了解信息系统运维岗位设立情况；b)访谈相关人员，询问是否知悉其职责范围。,否
466,76,是否对新上线的设备在接入运行网络前进行全面的安全检查。,a)检查设立信息系统运维组织的正式发文，查看运维岗位分工及岗位职责说明，了解信息系统运维岗位设立情况；b)访谈相关人员，询问是否知悉其职责范围。,否
513,76,是否对新上线的设备在接入运行网络前进行全面的安全检查。,查看监督和检查记录，确认对外包人员工作情况进行了监督和检查。,否
524,76,是否对新上线的设备在接入运行网络前进行全面的安全检查。,a)访谈安全管理员，了解设备上线前的安全检查流程；b)查看设备上线前的漏洞扫描、渗透测试、病毒扫描、木马检测等扫描报告。,否
77,77,是否对漏洞风险持续跟踪，在经过充分的验证测试后对必要的漏洞开展修补工作。,检查漏洞修补（变更）报告，确认对发现的网络系统安全漏洞进行了风险评估并及时修补，完成修补工作后进行了验证测试。,是
78,78,是否在漏洞扫描或漏洞修补后进行验证测试，以保证网络系统的正常运行。,a)访谈网络管理员，询问是否在漏洞扫描或漏洞修补后应进行验证测试； b)查看漏洞修补（变更）记录，是否有验证测试记录。,是
79,79,是否对网上信息系统进行渗透测试，并出具安全性测试报告。,检查是否具有网上信息系统的渗透测试报告。,是
80,80,是否定期对服务器和终端进行全面病毒扫描。,"a)查看防病毒软件策略，确认是否成功部署了定期全面扫描。
b)查看病毒扫描记录，判断是否定期对服务器和终端进行全面病毒扫描。",是
81,81,全面病毒扫描不得在交易时段内进行。,检查病毒扫描时间，确认未在交易时段内进行。,是
82,82,是否由内部人员每年进行一次全面安全检查。,查看安全检查记录，判断全面安全检查是否至少每年一次,是
83,83,是否对安全区域隔离情况进行检查。,查看安全检查记录,是
84,84,是否对系统弱口令、默认口令、通用口令、长期不变口令进行检查。,查看安全检查记录,是
308,84,是否对系统弱口令、默认口令、通用口令、长期不变口令进行检查。,查看安全检查记录,否
516,84,是否对系统弱口令、默认口令、通用口令、长期不变口令进行检查。,a)访谈资产管理员，询问是否根据重要性对介质进行分类和标识；b)检查介质存储环境，查看是否对其进行了分类，并具有不同标识。,否
527,84,是否对系统弱口令、默认口令、通用口令、长期不变口令进行检查。,检查是否具有系统测试验收报告，是否有第三方测试机构的签字或盖章。,否
532,84,是否对系统弱口令、默认口令、通用口令、长期不变口令进行检查。,查看最近的安全检查记录，是否包括口令检查内容,否
533,84,是否对系统弱口令、默认口令、通用口令、长期不变口令进行检查。,查看最近的安全检查记录，是否包括口令检查内容,否
535,84,是否对系统弱口令、默认口令、通用口令、长期不变口令进行检查。,查看最近的安全检查记录，是否包括口令检查内容,否
536,84,是否对系统弱口令、默认口令、通用口令、长期不变口令进行检查。,查看最近的安全检查记录，是否包括口令检查内容,否
538,84,是否对系统弱口令、默认口令、通用口令、长期不变口令进行检查。,查看最近的安全检查记录，是否包括口令检查内容,否
550,84,是否对系统弱口令、默认口令、通用口令、长期不变口令进行检查。,检查是否具有系统测试验收报告，是否有第三方测试机构的签字或盖章。,否
553,84,是否对系统弱口令、默认口令、通用口令、长期不变口令进行检查。,检查是否具有系统测试验收报告，是否有第三方测试机构的签字或盖章。,否
636,84,是否对系统弱口令、默认口令、通用口令、长期不变口令进行检查。,a)询问网络管理员审计记录保护机制；b)查看审计保护机制设计文档；c)测试边界和主要网络设备，通过以某个非审计用户登录系统，试图删除、修改或覆盖审计记录，验证安全审计的保护情况与要求是否一致。,否
657,84,是否对系统弱口令、默认口令、通用口令、长期不变口令进行检查。,检查机房平面图，并现场检查，是否包括：主机房、辅助区、支持区等功能区域。,否
85,85,是否对系统中高危漏洞进行检查。,查看安全检查记录,是
86,86,是否对端口及服务开启情况进行检查，并关闭非必要端口和服务。,查看安全检查记录,是
235,86,是否对端口及服务开启情况进行检查，并关闭非必要端口和服务。,查阅公司员工名录，取得公司内部审计部门岗位职责分工表。,否
310,86,是否对端口及服务开启情况进行检查，并关闭非必要端口和服务。,查看安全检查记录,否
336,86,是否对端口及服务开启情况进行检查，并关闭非必要端口和服务。,查看运维事件处理记录，是否对所有事件响应、处理、结束等过程进行跟踪、督促及检查。,否
450,86,是否对端口及服务开启情况进行检查，并关闭非必要端口和服务。,a)访谈网络管理员，了解是否有检查网络违规行为（如拨号上网等）的检查手段和工具；b)查看网络监控日志，是否有违反规定拨号上网或其他违反网络安全策略的行为。,否
528,86,是否对端口及服务开启情况进行检查，并关闭非必要端口和服务。,a)查看病毒扫描记录，判断是否定期对服务器进行全面病毒扫描；b)检查病毒扫描时间，确认未在交易时段内进行。,否
529,86,是否对端口及服务开启情况进行检查，并关闭非必要端口和服务。,a)查看病毒扫描记录，判断是否定期对服务器进行全面病毒扫描；b)检查病毒扫描时间，确认未在交易时段内进行。,否
534,86,是否对端口及服务开启情况进行检查，并关闭非必要端口和服务。,查看最近的安全检查记录，是否包括端口和服务开启情况检查。,否
537,86,是否对端口及服务开启情况进行检查，并关闭非必要端口和服务。,查看最近的安全检查记录，是否包括端口和服务开启情况检查。,否
560,86,是否对端口及服务开启情况进行检查，并关闭非必要端口和服务。,查看运维事件处理记录，是否对所有事件响应、处理、结束等过程进行跟踪、督促及检查。,否
606,86,是否对端口及服务开启情况进行检查，并关闭非必要端口和服务。,检查应急预案，判断是否包括应急预案的适用范围。,否
87,87,是否对基础软件和通用软件的更新情况进行检查。,查看安全检查记录,是
227,87,是否对基础软件和通用软件的更新情况进行检查。,检查记录，确认公司是否对建党100年网络保障自查所发现的问题进行整改。,否
422,87,是否对基础软件和通用软件的更新情况进行检查。,检查机房供电线路图，是否有独立于一般照明电的专用供配电线路。,否
648,87,是否对基础软件和通用软件的更新情况进行检查。,a)检查“表L.3-发电机”，现场是否配备了发电机，检查发电机储油是否能够确保发电机持续供电，是否采取了有效措施确保发电机用油的及时补充；b)如果是租用发电机，检查租用发电机的合同或相关证明材料；该合...,否
651,87,是否对基础软件和通用软件的更新情况进行检查。,a)检查“表L.3-发电机”，现场是否配备了发电机，检查发电机储油是否能够确保发电机持续供电，是否采取了有效措施确保发电机用油的及时补充；b)如果是租用发电机，检查租用发电机的合同或相关证明材料；该合...,否
88,88,是否对系统密码策略进行检查，对账户尝试登陆次数进行限制。,查看安全检查记录,是
89,89,是否对系统互联网出入口和无线接入点进行检查，关闭不必要的链接。,查看安全检查记录,是
90,90,是否对共享访问和远程桌面连接进行检查。,查看安全检查记录,是
91,91,检查发现的问题是否及时整改。,查看安全检查记录,是
92,92,二级及以上信息系统是否每年开展一次自查，对于不符合证券期货业信息安全等级保护基本要求（试行）的内容，是否及时整改。,a)二级信息系统本年度是否开展自查工作；b)检查二级信息系统的自查报告，是否每年开展一次自查；c)检查二级信息系统的整改报告，对于不符合证券期货业信息安全等级保护基本要求（试行）的内容，是否及时整改。,是
93,93,在开展信息系统新建、升级、变更、换代等建设项目时，是否进行充分论证和测试，论证材料包括需求分析、立项报告等。,在开展信息系统新建、升级、变更、换代等建设项目时，是否进行充分论证和测试，论证材料包括需求分析、立项报告等。,是
317,93,在开展信息系统新建、升级、变更、换代等建设项目时，是否进行充分论证和测试，论证材料包括需求分析、立项报告等。,在开展信息系统新建、升级、变更、换代等建设项目时，是否进行充分论证和测试，论证材料包括需求分析、立项报告等。,否
347,93,在开展信息系统新建、升级、变更、换代等建设项目时，是否进行充分论证和测试，论证材料包括需求分析、立项报告等。,根据公司提供的核心业务系统变更清单，抽查变更评审记录，确认变更前经信息技术部门、风控合规部门、业务部门审批。,否
467,93,在开展信息系统新建、升级、变更、换代等建设项目时，是否进行充分论证和测试，论证材料包括需求分析、立项报告等。,a)检查运维管理制度和操作流程维护办法，是否有关于制定、发布、维护和更新的规定；b)检查评审、修订运维管理制度和操作流程的记录，是否每年对运维管理制度和操作流程进行了评审、修订。,否
468,93,在开展信息系统新建、升级、变更、换代等建设项目时，是否进行充分论证和测试，论证材料包括需求分析、立项报告等。,a)检查运维管理制度和操作流程维护办法，是否有关于制定、发布、维护和更新的规定；b)检查评审、修订运维管理制度和操作流程的记录，是否每年对运维管理制度和操作流程进行了评审、修订。,否
541,93,在开展信息系统新建、升级、变更、换代等建设项目时，是否进行充分论证和测试，论证材料包括需求分析、立项报告等。,a)访谈信息技术负责人，询问是否在开展信息系统新建、升级、变更、换代等建设项目时，进行充分论证和测试，以及确保落实的机制；b)检查是否具有相关测试报告、论证材料（包括需求分析、立项报告等）。,否
94,94,业务系统开发项目前是否将信息安全要求纳入系统设计。,抽查核心业务系统开发审批记录，抽查开发相关材料，关注系统开发设计中的安全要求。,是
95,95,是否制定代码编写规范，要求开发人员参照规范编写代码。,a)访谈软件开发人员，询问其是否了解软件开发管理制度，是否了解代码编写规范，是否按照代码编写规范进行软件开发；_x000b_b)检查代码编写规范，查看规范中是否明确代码编写规则，应抽样部分源代码，检查...,是
96,96,是否建立完整、规范的系统测试操作流程，对测试工作的计划、实施及总结做出详细的规定。对于在生产系统上进行的测试工作，必须制定详细的系统及数据备份、测试环境搭建、测试后系统及数据恢复、生产系统审核等计划，确保生产系统的安全。,检查系统测试操作流程，是否对系统上线前进行的模拟环境测试和生产环境测试进行规范。,是
320,96,是否建立完整、规范的系统测试操作流程，对测试工作的计划、实施及总结做出详细的规定。对于在生产系统上进行的测试工作，必须制定详细的系统及数据备份、测试环境搭建、测试后系统及数据恢复、生产系统审核等计划，确保生产系统的安全。,检查系统测试操作流程，是否对系统上线前进行的模拟环境测试和生产环境测试进行规范。,否
544,96,是否建立完整、规范的系统测试操作流程，对测试工作的计划、实施及总结做出详细的规定。对于在生产系统上进行的测试工作，必须制定详细的系统及数据备份、测试环境搭建、测试后系统及数据恢复、生产系统审核等计划，确保生产系统的安全。,检查系统测试操作流程，是否对系统上线前进行的模拟环境测试和生产环境测试进行规范。,否
97,97,是否根据系统上线要求制定测试方案，确定采用的测试方法和测试流程。测试方案及测试用例覆盖功能、性能、容量、安全性、稳定性等方面。,a)访谈开发负责人，询问是否根据系统上线要求制定测试方案，确定采用的测试方法和测试流程； b)检查是否具有测试方案，是否包括覆盖功能、性能、容量、安全性、稳定性等方面。,是
98,98,生产环境测试前是否备份当前系统的数据和配置。,a)检查系统测试管理制度和操作流程，查看数据和配置备份要求； b)抽查在生产系统上进行测试的工作记录，检查是否做好数据备份。,是
99,99,是否为系统测试配备必要的人员和设备资源。,访谈开发负责人，询问是否为系统测试配备必要的人员和设备资源。,是
100,100,涉及核心交易业务系统的上线测试，是否组织全市场或全公司各相关部门测试。,a)访谈开发负责人，询问涉及核心交易业务系统的上线测试，是否组织全市场或全公司各相关部门测试； b)抽查核心系统上线测试方案、测试记录，是否体现参测机构及部门。,是
101,101,是否禁止交易时段使用生产环境进行测试。,a)访谈开发负责人，询问是否交易时段不得使用生产环境进行测试；_x000b_b)抽查测试方案、测试记录、测试报告，查看是否在交易时段测试。,是
102,102,是否测试完成后对测试结果进行分析评估，并给出测试报告。,检查近期上线系统的测试报告。,是
103,103,是否根据需要，要求生产系统运维人员和业务部门组织业务人员参与模拟环境测试。,a)访谈开发负责人，询问是否根据需要，要求生产系统运维人员和业务部门组织业务人员参与模拟环境测试；_x000b_b)查看测试通知或记录，是否有生产系统运维人员和业务部门组织业务人员参与。,是
104,104,是否指定或授权专门的部门负责系统测试验收的管理，并按照管理规定的要求完成系统测试验收工作。,访谈系统建设负责人，询问是否有专门的部门负责测试验收工作，由何部门负责。,是
105,105,是否在系统上线验收前经过安全测试。,检查近期上线系统的测试报告，确认是否进行了安全测试。,是
106,106,是否根据生产环境测试的结果设计系统升级过程及应急预案。,a)访谈开发负责人，询问是否根据生产环境测试的结果设计系统升级过程及应急预案； b)抽查一次生产环境测试报告和系统变更方案。,是
107,107,是否针对系统制定应急操作手册。,抽查信息系统，确认是否针对各系统制定了应急操作手册。,是
108,108,是否对信息系统进行投产及变更的风险评估工作。,查看应用系统上线或变更前的风险评估报告。,是
109,109,是否定期对系统容量进行检查和评估，形成评估报告。,检查系统容量评估报告，是否定期对系统容量进行检查和评估。,是
110,110,是否建立配置库，对交易业务系统的服务器、存储、网络、安全设备，操作系统、应用软件、数据库等进行管理。,检查配置库文档，是否包括对交易业务系统的服务器、存储、网络、安全设备，操作系统、应用软件、数据库等配置清单。,是
111,111,配置项属性至少包括编号、名称、描述、维护责任人、运行状态、关联关系等。,检查配置库文档，配置项属性是否至少包括编号、名称、描述、维护责任人、运行状态、关联关系等。,是
112,112,是否对所有事件响应、处理、结束等过程进行跟踪、督促及检查。,查看运维事件处理记录，是否对所有事件响应、处理、结束等过程进行跟踪、督促及检查。,是
113,113,事件记录中事件处理情况，是否包括事件暴露出的问题及采取的整改措施，责任追究情况。,检查事件记录，事件处理情况是否包括事件暴露出的问题及采取的整改措施，责任追究情况。,是
114,114,是否将监控、分析、自查、检查、测评、评估和事件处理中发现的问题进行汇总，并纳入问题库。,查看问题库，是否将监控、分析、自查、检查、测评、评估和事件处理中发现的问题进行汇总，并纳入问题库。,是
115,115,是否组织对问题进行分析、提出解决方案、通过变更管理审批后部署实施。,查看问题库，是否对问题进行分析、提出解决方案、通过变更管理审批后部署实施。,是
243,115,是否组织对问题进行分析、提出解决方案、通过变更管理审批后部署实施。,检查制度和操作流程维护相关办法，是否有关于制定、发布、维护和更新的规定。,否
302,115,是否组织对问题进行分析、提出解决方案、通过变更管理审批后部署实施。,a)访谈网络管理员，询问是否在漏洞扫描或漏洞修补后应进行验证测试； b)查看漏洞修补（变更）记录，是否有验证测试记录。,否
405,115,是否组织对问题进行分析、提出解决方案、通过变更管理审批后部署实施。,检查审计期内的IT检查和审计记录，确认审计内容是否包含对IT 运维工作流程的审计。,否
526,115,是否组织对问题进行分析、提出解决方案、通过变更管理审批后部署实施。,a)访谈网络管理员，询问是否在漏洞扫描或漏洞修补后应进行验证测试；b)查看漏洞修补（变更）记录，是否有验证测试记录。,否
116,116,是否建立系统，对公司事件和问题管理流程进行线上化管理。,查看运维管理相关系统，确认是否将事件和问题管理流程进行线上化管理。,是
117,117,是否采取人工值守和自动化工具相结合的方式，对交易业务系统进行24小时监控。交易时段应指定人员对交易业务系统进行监控，交易时段以外如无法做到人工监控，是否开启自动监控系统和自动报警系统。,访谈运维负责人，询问是否采取人工值守和自动化工具相结合的方式，对交易业务系统进行24小时监控。,是
341,117,是否采取人工值守和自动化工具相结合的方式，对交易业务系统进行24小时监控。交易时段应指定人员对交易业务系统进行监控，交易时段以外如无法做到人工监控，是否开启自动监控系统和自动报警系统。,访谈运维负责人，询问是否采取人工值守和自动化工具相结合的方式，对交易业务系统进行24小时监控。,否
565,117,是否采取人工值守和自动化工具相结合的方式，对交易业务系统进行24小时监控。交易时段应指定人员对交易业务系统进行监控，交易时段以外如无法做到人工监控，是否开启自动监控系统和自动报警系统。,a)访谈运维负责人，询问是否采取人工值守和自动化工具相结合的方式，对交易业务系统进行24小时监控；b)检查巡检记录，是否包括报单数、成交数、委托数、CPU使用率、内存使用率等指标。,否
658,117,是否采取人工值守和自动化工具相结合的方式，对交易业务系统进行24小时监控。交易时段应指定人员对交易业务系统进行监控，交易时段以外如无法做到人工监控，是否开启自动监控系统和自动报警系统。,a)查看委托合同和应急预案，是否明确要求7×24小时支持服务制度；b)检查应急事件报告书，查看受托方是否在5分钟内响应委托方的服务请求，并在30分钟内到场服务。,否
118,118,是否建立辅助的人工巡检流程，规定巡检内容、频度、人员等。巡检内容应覆盖电力、空调、消防、安防等机房设施，主机、网络、通信、安全等设备的运行状况。巡检结果应及时记录，如遇异常应及时处理，并按规定要求进行报告。,检查IT运维管理相关管理制度或工作手册，查看是否包括人工巡检方面的内容，是否明确巡检内容、频度、人员、报告等要求，巡检内容是否覆盖巡检内容应覆盖电力、空调、消防、安防等机房设施，主机、网络、通信、安全...,是
342,118,是否建立辅助的人工巡检流程，规定巡检内容、频度、人员等。巡检内容应覆盖电力、空调、消防、安防等机房设施，主机、网络、通信、安全等设备的运行状况。巡检结果应及时记录，如遇异常应及时处理，并按规定要求进行报告。,检查IT运维管理相关管理制度或工作手册，查看是否包括人工巡检方面的内容，是否明确巡检内容、频度、人员、报告等要求，巡检内容是否覆盖巡检内容应覆盖电力、空调、消防、安防等机房设施，主机、网络、通信、安全...,否
566,118,是否建立辅助的人工巡检流程，规定巡检内容、频度、人员等。巡检内容应覆盖电力、空调、消防、安防等机房设施，主机、网络、通信、安全等设备的运行状况。巡检结果应及时记录，如遇异常应及时处理，并按规定要求进行报告。,检查IT运维管理方面的制度，查看制度中是否包括人工巡检方面的内容，是否明确巡检内容、频度、人员、报告等要求，巡检内容是否覆盖审计项中列示的内容。,否
630,118,是否建立辅助的人工巡检流程，规定巡检内容、频度、人员等。巡检内容应覆盖电力、空调、消防、安防等机房设施，主机、网络、通信、安全等设备的运行状况。巡检结果应及时记录，如遇异常应及时处理，并按规定要求进行报告。,检查信息系统运维管理工作审计报告，确定信息系统运维管理工作审计范围至少包括对运维管理制度和操作流程的合理性和完整性进行评估，对运维管理制度和操作流程的执行情况进行评估，对文档、配置、数据的有效性进行评...,否
119,119,是否指定运维值班负责人。运维值班负责人负责日常操作的部署、检查、风险控制、业务衔接等工作。,a)查阅运维值班负责人及备岗人员名单；b)访谈运维值班负责人及备岗人员，询问是否知悉其职责范围包括：日常操作的部署、检查、风险控制、业务衔接等工作。,是
120,120,运维值班负责人是否有备岗，主备岗是否不得同时离岗。,查看运维值班负责人及备岗人员值班记录，判断是否没有同时离岗。,是
121,121,是否每日分析核心交易业务系统监控日志及巡检记录，形成评估记录，跟踪处理日志分析中发现的异常事件。,查看评估记录，是否每日分析核心交易业务系统监控日志及巡检记录，并跟踪处理日志分析中发现的异常事件。,是
122,122,是否建立变更管理流程，对重要变更、一般变更、紧急变更进行定义，并建立不同的管理流程。,查看变更管理制度，确认其中是否对重要变更、一般变更、紧急变更进行了定义，并建立了不同的申请、审批流程。,是
123,123,是否明确信息技术部门、风控、合规及相关业务部门角色在变更管理中的审核责任，进行事前审查、事中确认及事后跟踪。,根据公司提供的核心业务系统变更清单，抽查变更评审记录，确认变更前经信息技术部门、风控合规部门、业务部门审批。,是
124,124,变更后是否经业务部门确认。,根据公司提供的核心业务系统变更清单，抽查变更评审记录，确认变更后，业务部门进行了确认。,是
125,125,是否利用软件工具或管理平台记录重要变更操作，并实时存档和备份功能。,抽查核心业务系统变更的历史记录。,是
126,126,是否在设备和软件投入使用前进行必要的验证性测试，并保留测试记录。,查看测试记录，是否在设备和软件投入使用前进行必要的验证性测试。,是
127,127,是否禁止在交易时段对交易业务网的网络设备、安全设备、系统设备进行更换或变更配置。,a)查看机房管理制度或变更管理制度，是否规定了原则上禁止交易时段对交易业务网的网络设备、安全设备、系统设备进行更换或变更配置； b)抽查变更记录，是否做到原则上不在交易时段对交易业务网的网络设备、安全...,是
128,128,邮件系统是否设置密码策略。,检查邮件系统，确认是否设置密码策略，包括密码复杂度、密码有效期等。,是
129,129,是否对批量下载邮件、异常时段登陆的行为进行监控。,检查是否有人员对批量下载邮件、异常时段登陆的行为进行监控。,是
130,130,网上交易客户端是否提供可靠的身份认证机制，支持多种方式与服务端完成身份认证。,a)检查供网上交易系统的身份认证说明；_x000b_b)检查网上交易系统是否支持多种身份认证方式；_x000b_c)访谈网上交易系统的身份验证方式和措施。,是
272,130,网上交易客户端是否提供可靠的身份认证机制，支持多种方式与服务端完成身份认证。,检查恶意代码分析报告，确认对防病毒网关和邮件防病毒网关上截获的危险病毒或恶意代码进行了及时分析处理。,否
354,130,网上交易客户端是否提供可靠的身份认证机制，支持多种方式与服务端完成身份认证。,a)检查供网上交易系统的身份认证说明；_x000b_b)检查网上交易系统是否支持多种身份认证方式；_x000b_c)访谈网上交易系统的身份验证方式和措施。,否
131,131,客户进行资金交易时，根据客户意愿，可采取认证强度与交易额度相匹配的技术措施，提高交易的安全性。,APP、系统,是
230,131,客户进行资金交易时，根据客户意愿，可采取认证强度与交易额度相匹配的技术措施，提高交易的安全性。,查阅IT治理委员会成立发文或相关信息科技管理制度，了解IT治理委员职责和议事规则，确认其中是否包含拟订公司IT治理目标和IT治理工作计划，审议公司IT发展规划，审议公司年度IT工作计划和IT预算，审议...,否
266,131,客户进行资金交易时，根据客户意愿，可采取认证强度与交易额度相匹配的技术措施，提高交易的安全性。,a)检查安全责任和惩戒措施管理文档，查看是否包含具体的安全责任和惩戒措施；b)检查安全责任惩戒记录，是否对违反安全策略和规定的人员进行惩戒。,否
355,131,客户进行资金交易时，根据客户意愿，可采取认证强度与交易额度相匹配的技术措施，提高交易的安全性。,APP、系统,否
399,131,客户进行资金交易时，根据客户意愿，可采取认证强度与交易额度相匹配的技术措施，提高交易的安全性。,检查信息技术风险评估报告审批流转流程,否
490,131,客户进行资金交易时，根据客户意愿，可采取认证强度与交易额度相匹配的技术措施，提高交易的安全性。,a)检查安全责任和惩戒措施管理文档，查看是否包含具体的安全责任和惩戒措施；b)检查安全责任惩戒记录，是否对违反安全策略和规定的人员进行惩戒。,否
601,131,客户进行资金交易时，根据客户意愿，可采取认证强度与交易额度相匹配的技术措施，提高交易的安全性。,a)检查安全责任和惩戒措施管理文档，查看是否包含具体的安全责任和惩戒措施；b)检查安全责任惩戒记录，是否对违反安全策略和规定的人员进行惩戒。,否
628,131,客户进行资金交易时，根据客户意愿，可采取认证强度与交易额度相匹配的技术措施，提高交易的安全性。,检查事件处置报告，判断发生网络与信息安全事件后，是否立即启动应急预案，迅速采取应急措施，尽快恢复信息系统正常运行。,否
132,132,在交易环节，依据对用户IP、个人终端IMME等标识信息采取异常行为监控措施防范盗买盗卖。,APP、系统,是
242,132,在交易环节，依据对用户IP、个人终端IMME等标识信息采取异常行为监控措施防范盗买盗卖。,a)检查“表O.1-人员基本情况”、技术部门员工的情况说明，应包括总部技术部门人员名单及占比情况计算；b)检查正式员工花名册及员工人数统计（以与公司签订劳动合同，且具有从业资格为准）；c)检查技术部门...,否
133,133,应具有防网络钓鱼的功能，例如，显示客户预留信息、使用预留信息卡、客户自定义个性化界面等。,APP、系统,是
398,133,应具有防网络钓鱼的功能，例如，显示客户预留信息、使用预留信息卡、客户自定义个性化界面等。,查看信息技术风险评估报告,否
415,133,应具有防网络钓鱼的功能，例如，显示客户预留信息、使用预留信息卡、客户自定义个性化界面等。,"1.约谈机房负责人有关故障备份设施和同城灾备中心（灾备机房）和异地灾备中心的建设情况；
2.查阅机房部署图和逻辑图。
3.确认同城灾备能力达到1:1",否
134,134,对于客户账号、手机号码、证件类识别标识或其他识别标识信息等可以直接或组合后确定个人金融信息主体的信息应进行屏蔽展示，或由用户选择是否屏蔽展示，如需完整展示，应进行用户身份验证，并做好此类信息管理，防范此类信息泄露风险。,APP、系统,是
358,134,对于客户账号、手机号码、证件类识别标识或其他识别标识信息等可以直接或组合后确定个人金融信息主体的信息应进行屏蔽展示，或由用户选择是否屏蔽展示，如需完整展示，应进行用户身份验证，并做好此类信息管理，防范此类信息泄露风险。,APP、系统,否
135,135,三级系统是否至少每年对系统进行一次等级测评，发现不符合相应等级保护标准要求的及时整改。,a)检查等级测评报告，检查是否每年对三级系统进行测评；b)检查测评报告是否覆盖所有三级系统；c)检查整改报告，对发现的问题是否及时整改。,是
136,136,是否在系统发生变更时及时对系统进行等级测评，发现级别发生变化的及时调整级别并进行安全改造，发现不符合相应等级保护标准要求的及时整改。,a)检查系统变更记录，了解系统是否发生重大变更；b)检查系统评测记录，如果系统发生重大变更是否及时对系统进行登记测评；c)检查安全整改报告，发现级别发生变化的，是否及时调整级别并进行安全改造，发现不符...,是
250,136,是否在系统发生变更时及时对系统进行等级测评，发现级别发生变化的及时调整级别并进行安全改造，发现不符合相应等级保护标准要求的及时整改。,检查变更管理制度，系统发生变更前，是否向主管领导申请； c)变更和变更方案是否经过评审、审批后方可实施变更，并在实施后将变更情况向相关人员通告。,否
360,136,是否在系统发生变更时及时对系统进行等级测评，发现级别发生变化的及时调整级别并进行安全改造，发现不符合相应等级保护标准要求的及时整改。,a)检查系统变更记录，了解系统是否发生重大变更；b)检查系统评测记录，如果系统发生重大变更是否及时对系统进行登记测评；c)检查安全整改报告，发现级别发生变化的，是否及时调整级别并进行安全改造，发现不符...,否
474,136,是否在系统发生变更时及时对系统进行等级测评，发现级别发生变化的及时调整级别并进行安全改造，发现不符合相应等级保护标准要求的及时整改。,a)文档审阅，是否建立变更管理制度；b)系统发生变更前，是否向主管领导申请；c)变更和变更方案是否经过评审、审批后方可实施变更，并在实施后将变更情况向相关人员通告。,否
503,136,是否在系统发生变更时及时对系统进行等级测评，发现级别发生变化的及时调整级别并进行安全改造，发现不符合相应等级保护标准要求的及时整改。,a)访谈系统管理员，了解系统补丁更新程序和评估方法；b)查看系统补丁更新记录，确认持续跟踪厂商提供的系统升级更新情况，确认在对重要文件进行备份后，才实施系统补丁程序的安装。,否
505,136,是否在系统发生变更时及时对系统进行等级测评，发现级别发生变化的及时调整级别并进行安全改造，发现不符合相应等级保护标准要求的及时整改。,a)访谈系统管理员，了解系统补丁更新程序和评估方法；b)查看系统补丁更新记录，确认持续跟踪厂商提供的系统升级更新情况，确认在对重要文件进行备份后，才实施系统补丁程序的安装。,否
584,136,是否在系统发生变更时及时对系统进行等级测评，发现级别发生变化的及时调整级别并进行安全改造，发现不符合相应等级保护标准要求的及时整改。,a)检查系统变更记录，了解系统是否发生重大变更；b)检查系统评测记录，如果系统发生重大变更是否及时对系统进行登记测评；c)检查安全整改报告，发现级别发生变化的，是否及时调整级别并进行安全改造，发现不符...,否
137,137,是否组织相关部门和有关安全技术专家对信息系统定级结果的合理性和正确性进行论证和审定。,检查会议纪要或者论证报告等文档，是否组织有关部门及技术专家对信息系统定级结果的合理性和正确性进行论证和审定。,是
138,138,是否授予不同账户为完成各自承担任务所需的最小权限。,检查应用系统的用户角色或权限的分配情况，查看是否仅授予不同帐户为完成各自承担任务所需的最小权限。,是
139,139,不同账户是否形成相互制约的关系。,检查应用系统的用户角色或权限的分配情况，查看权限之间是否相互制约，如系统管理员不能进行审计操作、审计员不能进行系统管理操作等。,是
225,139,不同账户是否形成相互制约的关系。,检查公司是否制定专门的建党100年网络安全保障方案。,否
233,139,不同账户是否形成相互制约的关系。,查看首席信息官简历，确认首席信息官具有相关学习背景或工作经验。,否
286,139,不同账户是否形成相互制约的关系。,检查确认配置LED屏幕播放内容监控设备,否
307,139,不同账户是否形成相互制约的关系。,查看安全检查记录,否
363,139,不同账户是否形成相互制约的关系。,检查应用系统的用户角色或权限的分配情况，查看权限之间是否相互制约，如系统管理员不能进行审计操作、审计员不能进行系统管理操作等。,否
397,139,不同账户是否形成相互制约的关系。,检查演练整改报告，是否对演练中发现的问题进行改进。,否
451,139,不同账户是否形成相互制约的关系。,检查演练整改报告，是否对演练中发现的问题进行改进。,否
511,139,不同账户是否形成相互制约的关系。,检查演练整改报告，是否对演练中发现的问题进行改进。,否
539,139,不同账户是否形成相互制约的关系。,检查演练整改报告，是否对演练中发现的问题进行改进。,否
577,139,不同账户是否形成相互制约的关系。,检查演练整改报告，是否对演练中发现的问题进行改进。,否
621,139,不同账户是否形成相互制约的关系。,检查演练整改报告，是否对演练中发现的问题进行改进。,否
627,139,不同账户是否形成相互制约的关系。,检查演练整改报告，是否对演练中发现的问题进行改进。,否
631,139,不同账户是否形成相互制约的关系。,检查演练整改报告，是否对演练中发现的问题进行改进。,否
140,140,是否存在共用账号。,检查应用系统的用户角色或权限，访谈了解账号的使用人员，检查是否存在多人共用同一账号的情况。,是
364,140,是否存在共用账号。,检查应用系统的用户角色或权限，访谈了解账号的使用人员，检查是否存在多人共用同一账号的情况。,否
670,140,是否存在共用账号。,检查“表L.9-软件正版化情况-杀毒软件”，查看使用的杀毒软件版本，并检查在使用杀毒软件是否有授权文件。,否
141,141,是否中止离职人员访问权限。,调阅在职员工人员名单，检查应用系统用户列表，确认系统用户在在职人员名单中。,是
142,142,是否建立信息系统用户认证和访问控制流程。,调阅应用系统用户管理或访问控制相关制度，明确是否制定了用户权限申请、审批、更新、注销流程。,是
143,143,是否能够对单个账户的多重并发会话进行限制。,测试主要应用系统，可通过对系统进行超过规定的单个帐户的多重并发会话数进行连接，验证系统是否能够正确地限制单个帐户的多重并发会话数。,是
144,144,是否能够对一个时间段内可能的并发会话连接数进行限制。,检查主要应用系统的配置参数，查看是否提供对最大并发会话连接数进行限制。,是
145,145,是否能够对一个访问账户或一个请求进程占用的资源分配最大限额和最小限额。,检查主要应用系统设计和验收文档，查看是否对一个访问帐户或一个请求进程占用的资源分配最大限额和最小限额。,是
146,146,公司核心业务系统备份是否符合《证券期货经营机构信息系统备份能力标准规范》的相关要求。,查阅公司核心业务系统故障应对能力达标证明材料（包括：备份系统建设情况、备份策略、应急演练记录等），确认集中交易系统（含第三方存管）、融资融券系统、网上交易系统、电话委托系统、移动证券系统等核心业务系统...,是
147,147,是否至少每季度对核心交易业务系统的备份数据进行一次有效性验证，如发现问题是否采取措施修复备份数据，并查明原因。,检查是否至少每季度对核心交易业务系统的备份数据进行一次有效性验证，如发现问题是否采取措施修复备份数据，并查明原因。,是
279,147,是否至少每季度对核心交易业务系统的备份数据进行一次有效性验证，如发现问题是否采取措施修复备份数据，并查明原因。,调阅相关制度，确认是否建立补丁管理流程。,否
371,147,是否至少每季度对核心交易业务系统的备份数据进行一次有效性验证，如发现问题是否采取措施修复备份数据，并查明原因。,检查是否至少每季度对核心交易业务系统的备份数据进行一次有效性验证，如发现问题是否采取措施修复备份数据，并查明原因。,否
404,147,是否至少每季度对核心交易业务系统的备份数据进行一次有效性验证，如发现问题是否采取措施修复备份数据，并查明原因。,查阅公司内部专项审计报告、审批、流转流程，确认是否对重大信息安全事件开展专项审计。,否
540,147,是否至少每季度对核心交易业务系统的备份数据进行一次有效性验证，如发现问题是否采取措施修复备份数据，并查明原因。,a)查看“表L.7-本年度开展安全建设整改的信息系统情况-是否组织开展信息系统安全自查工作”，二级信息系统本年度是否开展自查工作；b)检查二级信息系统的自查报告，是否每年开展一次自查；c)检查二级信息...,否
594,147,是否至少每季度对核心交易业务系统的备份数据进行一次有效性验证，如发现问题是否采取措施修复备份数据，并查明原因。,a)查看“表L.7-本年度开展安全建设整改的信息系统情况-是否组织开展信息系统安全自查工作”，二级信息系统本年度是否开展自查工作；b)检查二级信息系统的自查报告，是否每年开展一次自查；c)检查二级信息...,否
595,147,是否至少每季度对核心交易业务系统的备份数据进行一次有效性验证，如发现问题是否采取措施修复备份数据，并查明原因。,检查“表L.4-数据备份情况”、“表L.5-数据备份情况”，查看是否至少每季度对核心交易业务系统的备份数据进行一次有效性验证，如发现问题是否采取措施修复备份数据，并查明原因。,否
148,148,是否对网络安全事件进行记录。,检查安全事件处理记录，查看其是否对网络安全事件进行记录，记录内容包括安全事件的原因、事件处理过程等。,是
232,148,是否对网络安全事件进行记录。,查阅公司人员岗位设置情况。,否
315,148,是否对网络安全事件进行记录。,查看安全检查记录,否
372,148,是否对网络安全事件进行记录。,检查安全事件处理记录，查看其是否对网络安全事件进行记录，记录内容包括安全事件的原因、事件处理过程等。,否
411,148,是否对网络安全事件进行记录。,检查审计记录是否至少保存6个月。,否
572,148,是否对网络安全事件进行记录。,检查外包服务的评估报告，确认定期对外包的服务质量进行了评估。,否
588,148,是否对网络安全事件进行记录。,检查在岗人员名单和账户列表，确定没有未注销的不再使用的账户。,否
589,148,是否对网络安全事件进行记录。,检查在岗人员名单和账户列表，确定没有未注销的不再使用的账户。,否
650,148,是否对网络安全事件进行记录。,a)获取主要设备清单列表；b)现场检查主要设备等是否放置在机房内。,否
149,149,是否在安全事件报告和响应处理过程中，分析和鉴定事件产生的原因，收集证据，记录处理过程，总结经验教训，制定防止再次发生的补救措施。,检查安全事件处理记录，查看其是否记录引发安全事件的原因，是否记录事件处理过程，是否与管理规定的处理要求一致等。,是
295,149,是否在安全事件报告和响应处理过程中，分析和鉴定事件产生的原因，收集证据，记录处理过程，总结经验教训，制定防止再次发生的补救措施。,访谈安全管理员，在线数据和离线数据用于非生产环境时，是否进行脱敏处理；用于模拟测试时如无法进行脱敏处理，测试环境的与生产环境安全措施是否相当。,否
373,149,是否在安全事件报告和响应处理过程中，分析和鉴定事件产生的原因，收集证据，记录处理过程，总结经验教训，制定防止再次发生的补救措施。,检查安全事件处理记录，查看其是否记录引发安全事件的原因，是否记录事件处理过程，是否与管理规定的处理要求一致等。,否
519,149,是否在安全事件报告和响应处理过程中，分析和鉴定事件产生的原因，收集证据，记录处理过程，总结经验教训，制定防止再次发生的补救措施。,访谈安全管理员，在线数据和离线数据用于非生产环境时，是否进行脱敏处理；用于模拟测试时如无法进行脱敏处理，测试环境的与生产环境安全措施是否相当。,否
597,149,是否在安全事件报告和响应处理过程中，分析和鉴定事件产生的原因，收集证据，记录处理过程，总结经验教训，制定防止再次发生的补救措施。,检查安全事件处理记录，查看其是否记录引发安全事件的原因，是否记录事件处理过程，是否与管理规定的处理要求一致等。,否
150,150,合规部门、风险管理部门或岗位是否参与信息技术安全事故处理工作。,抽查检查期间公司信息安全事件处理流程及相关审批文件，检查合规部门、风险管理部门是否参与相关工作。,是
151,151,是否在网络与信息安全事件发生后，按有关规定报告事件情况，并保持持续报告，直至系统恢复正常运行，报告要素应完备、及时、准确，不得迟报、漏报、谎报或瞒报。,a)审阅应急预案，是否规定在网络与信息安全事件发生后，报告要素有哪些，如何报告事件情况，并保持持续报告，直至系统恢复正常运行；_x000b_b)检查事件报告记录，判断是否及时、准确，没有迟报、漏报、谎...,是
375,151,是否在网络与信息安全事件发生后，按有关规定报告事件情况，并保持持续报告，直至系统恢复正常运行，报告要素应完备、及时、准确，不得迟报、漏报、谎报或瞒报。,a)审阅应急预案，是否规定在网络与信息安全事件发生后，报告要素有哪些，如何报告事件情况，并保持持续报告，直至系统恢复正常运行；_x000b_b)检查事件报告记录，判断是否及时、准确，没有迟报、漏报、谎...,否
452,151,是否在网络与信息安全事件发生后，按有关规定报告事件情况，并保持持续报告，直至系统恢复正常运行，报告要素应完备、及时、准确，不得迟报、漏报、谎报或瞒报。,查阅IT治理委员会、网络安全委员会或领导小组成立发文和成员名单。,否
453,151,是否在网络与信息安全事件发生后，按有关规定报告事件情况，并保持持续报告，直至系统恢复正常运行，报告要素应完备、及时、准确，不得迟报、漏报、谎报或瞒报。,查阅IT治理委员会、网络安全委员会或领导小组成立发文和成员名单。,否
454,151,是否在网络与信息安全事件发生后，按有关规定报告事件情况，并保持持续报告，直至系统恢复正常运行，报告要素应完备、及时、准确，不得迟报、漏报、谎报或瞒报。,查阅IT治理委员会、网络安全委员会或领导小组成立发文和成员名单。,否
599,151,是否在网络与信息安全事件发生后，按有关规定报告事件情况，并保持持续报告，直至系统恢复正常运行，报告要素应完备、及时、准确，不得迟报、漏报、谎报或瞒报。,a)审阅应急预案，是否规定在网络与信息安全事件发生后，报告要素有哪些，如何报告事件情况，并保持持续报告，直至系统恢复正常运行；b)检查事件报告记录，判断要素是否完备、及时、准确，没有迟报、漏报、谎报或...,否
618,151,是否在网络与信息安全事件发生后，按有关规定报告事件情况，并保持持续报告，直至系统恢复正常运行，报告要素应完备、及时、准确，不得迟报、漏报、谎报或瞒报。,检查应急演练计划，是否至少包括目的、内容、时间、参与方、方式、前期准备情况、统计与记录要求、系统恢复与验证要求等内容。,否
152,152,接到中国证监会及其派出机构关于系统漏洞、安全隐患、产品缺陷的信息安全通报书后，是否立即核实情况，采取必要的处置措施，并根据要求进行事件总结报告。事件总结报告内容应当包括：事件基本情况，可能或者已经造成的影响范围和后果，已采取的防范措施及相关建议。,a)检查监管部门信息安全通报记录，对系统漏洞、安全隐患、产品缺陷等，是否立即核实情况，采取必要的处置措施； b)检查信息安全通报事件总结报告，内容是否包括：事件基本情况，可能或者已经造成的影响范围和后...,是
376,152,接到中国证监会及其派出机构关于系统漏洞、安全隐患、产品缺陷的信息安全通报书后，是否立即核实情况，采取必要的处置措施，并根据要求进行事件总结报告。事件总结报告内容应当包括：事件基本情况，可能或者已经造成的影响范围和后果，已采取的防范措施及相关建议。,a)检查监管部门信息安全通报记录，对系统漏洞、安全隐患、产品缺陷等，是否立即核实情况，采取必要的处置措施； b)检查信息安全通报事件总结报告，内容是否包括：事件基本情况，可能或者已经造成的影响范围和后...,否
506,152,接到中国证监会及其派出机构关于系统漏洞、安全隐患、产品缺陷的信息安全通报书后，是否立即核实情况，采取必要的处置措施，并根据要求进行事件总结报告。事件总结报告内容应当包括：事件基本情况，可能或者已经造成的影响范围和后果，已采取的防范措施及相关建议。,查看“表L.3-该机房的病毒木马防护软件情况”，检查关键服务器的恶意代码防范策略，对支持安装防恶意代码软件的主机操作系统，查看是否安装了实时检测与查杀恶意代码的软件产品，并且及时更新了软件版本和恶意代...,否
600,152,接到中国证监会及其派出机构关于系统漏洞、安全隐患、产品缺陷的信息安全通报书后，是否立即核实情况，采取必要的处置措施，并根据要求进行事件总结报告。事件总结报告内容应当包括：事件基本情况，可能或者已经造成的影响范围和后果，已采取的防范措施及相关建议。,a)检查监管部门信息安全通报记录，对系统漏洞、安全隐患、产品缺陷等，是否立即核实情况，采取必要的处置措施；b)检查信息安全通报事件总结报告，内容是否包括：事件基本情况，可能或者已经造成的影响范围和后果...,否
669,152,接到中国证监会及其派出机构关于系统漏洞、安全隐患、产品缺陷的信息安全通报书后，是否立即核实情况，采取必要的处置措施，并根据要求进行事件总结报告。事件总结报告内容应当包括：事件基本情况，可能或者已经造成的影响范围和后果，已采取的防范措施及相关建议。,a)检查软件授权证书和许可协议；b)检查软件清单，是否包括软件名称、软件编号、入库时间、软件版本，授权和许可情况、软件序列号、软件状态、软件维护期、软件安装设备、用途和使用责任人等内容，并保留软件启用...,否
153,153,是否对安全责任和惩戒措施进行书面规定并告知相关人员。,检查安全责任和惩戒措施管理文档，查看是否包含具体的安全责任和惩戒措施，,是
154,154,是否按照安全责任和惩戒措施规定对违反违背安全策略和规定的人员进行惩戒。,检查安全责任惩戒记录，是否对违反安全策略和规定的人员进行惩戒。,是
324,154,是否按照安全责任和惩戒措施规定对违反违背安全策略和规定的人员进行惩戒。,a)访谈开发负责人，询问涉及核心交易业务系统的上线测试，是否组织全市场或全公司各相关部门测试； b)抽查核心系统上线测试方案、测试记录，是否体现参测机构及部门。,否
335,154,是否按照安全责任和惩戒措施规定对违反违背安全策略和规定的人员进行惩戒。,检查配置库文档，配置项属性是否至少包括编号、名称、描述、维护责任人、运行状态、关联关系等。,否
369,154,是否按照安全责任和惩戒措施规定对违反违背安全策略和规定的人员进行惩戒。,检查主要应用系统设计和验收文档，查看是否对一个访问帐户或一个请求进程占用的资源分配最大限额和最小限额。,否
378,154,是否按照安全责任和惩戒措施规定对违反违背安全策略和规定的人员进行惩戒。,检查安全责任惩戒记录，是否对违反安全策略和规定的人员进行惩戒。,否
548,154,是否按照安全责任和惩戒措施规定对违反违背安全策略和规定的人员进行惩戒。,a)访谈开发负责人，询问涉及核心交易业务系统的上线测试，是否组织全市场或全公司各相关部门测试；b)抽查核心系统上线测试方案、测试记录，是否体现参测机构及部门。,否
559,154,是否按照安全责任和惩戒措施规定对违反违背安全策略和规定的人员进行惩戒。,检查配置库文档，配置项属性是否至少包括编号、名称、描述、维护责任人、运行状态、关联关系等。,否
593,154,是否按照安全责任和惩戒措施规定对违反违背安全策略和规定的人员进行惩戒。,检查主要应用系统设计和验收文档，查看是否对一个访问帐户或一个请求进程占用的资源分配最大限额和最小限额。,否
155,155,是否建立健全网络与信息安全事件应急处置组织体系，明确网络与信息安全事件的应急指挥决策机构和执行机构，负责网络与信息安全事件的预防预警、应急处置、报告和调查处理工作。,检查是否建立健全网络与信息安全事件应急处置组织体系，是否明确应急指挥决策机构由主要领导负责，成员包括但不限于业务、技术、风险控制、结算、财务、客服及综合等有关部门负责人。,是
258,155,是否建立健全网络与信息安全事件应急处置组织体系，明确网络与信息安全事件的应急指挥决策机构和执行机构，负责网络与信息安全事件的预防预警、应急处置、报告和调查处理工作。,a)检查安全教育和培训计划文档，查看计划是否明确了培训方式、培训对象、培训内容、培训时间和地点等，培训内容是否包含信息安全基础知识、岗位操作规程、机房消防及相关应急内容等；b)检查安全教育和培训记录，...,否
379,155,是否建立健全网络与信息安全事件应急处置组织体系，明确网络与信息安全事件的应急指挥决策机构和执行机构，负责网络与信息安全事件的预防预警、应急处置、报告和调查处理工作。,检查是否建立健全网络与信息安全事件应急处置组织体系，是否明确应急指挥决策机构由主要领导负责，成员包括但不限于业务、技术、风险控制、结算、财务、客服及综合等有关部门负责人。,否
482,155,是否建立健全网络与信息安全事件应急处置组织体系，明确网络与信息安全事件的应急指挥决策机构和执行机构，负责网络与信息安全事件的预防预警、应急处置、报告和调查处理工作。,a)检查安全教育和培训计划文档，查看计划是否明确了培训方式、培训对象、培训内容、培训时间和地点等，培训内容是否包含信息安全基础知识、岗位操作规程、机房消防及相关应急内容等；b)检查安全教育和培训记录，...,否
603,155,是否建立健全网络与信息安全事件应急处置组织体系，明确网络与信息安全事件的应急指挥决策机构和执行机构，负责网络与信息安全事件的预防预警、应急处置、报告和调查处理工作。,检查应急预案，是否建立健全网络与信息安全事件应急处置组织体系，明确网络与信息安全事件的应急指挥决策机构和执行机构，负责网络与信息安全事件的预防预警、应急处置、报告和调查处理工作。,否
612,155,是否建立健全网络与信息安全事件应急处置组织体系，明确网络与信息安全事件的应急指挥决策机构和执行机构，负责网络与信息安全事件的预防预警、应急处置、报告和调查处理工作。,a)审阅应急处置联络手册，是否至少包括应急处置组织体系及相关关联单位的应急联络方式，且联络方式必须明确详细；b)抽查应急处置联络手册中的相关信息是否真实、有效、可用。,否
632,155,是否建立健全网络与信息安全事件应急处置组织体系，明确网络与信息安全事件的应急指挥决策机构和执行机构，负责网络与信息安全事件的预防预警、应急处置、报告和调查处理工作。,a)检查主要服务器操作系统、重要终端操作系统和主要数据库管理系统的安全审计策略，查看安全审计配置是否包括系统内重要用户行为、系统资源的异常和重要系统命令的使用等重要的安全相关事件；b)检查是否在确保系...,否
156,156,合规部门、风险管理部门或岗位是否参与应急演练工作。,抽查检查期间公司的重要业务系统应急演练流程及相关审批文件，检查合规部门、风险管理部门是否参与相关工作。,是
226,156,合规部门、风险管理部门或岗位是否参与应急演练工作。,a)检查公司是否制定建党100年网络保障自查清单。b)查看检查记录，确认公司是否根据清单对网络安全进行排查。,否
318,156,合规部门、风险管理部门或岗位是否参与应急演练工作。,抽查核心业务系统开发审批记录，抽查开发相关材料，关注系统开发设计中的安全要求。,否
344,156,合规部门、风险管理部门或岗位是否参与应急演练工作。,查看运维值班负责人及备岗人员值班记录，判断是否没有同时离岗。,否
362,156,合规部门、风险管理部门或岗位是否参与应急演练工作。,检查应用系统的用户角色或权限的分配情况，查看是否仅授予不同帐户为完成各自承担任务所需的最小权限。,否
380,156,合规部门、风险管理部门或岗位是否参与应急演练工作。,抽查检查期间公司的重要业务系统应急演练流程及相关审批文件，检查合规部门、风险管理部门是否参与相关工作。,否
542,156,合规部门、风险管理部门或岗位是否参与应急演练工作。,检查核心交易业务系统设计和验收文档，确定核心交易业务系统是否提示并阻止用户使用弱口令登录。,否
608,156,合规部门、风险管理部门或岗位是否参与应急演练工作。,检查应急预案评估报告，判断是否根据应急演练的情况进行评估和更新。,否
643,156,合规部门、风险管理部门或岗位是否参与应急演练工作。,a)检查“表L.3-电力情况-供电方式（可多选）”，访谈机房管理员，询问机房是否采用了双路市电；b)检查双路市电线路切换记录或供电部门相关协议，查看双路市电是否能够自动切换。,否
671,156,合规部门、风险管理部门或岗位是否参与应急演练工作。,访谈系统建设负责人，询问软件安装之前是否检测软件中的恶意代码；,否
157,157,是否在统一的网络与信息安全事件应急预案框架下制定不同事件的应急预案，应急预案框架应包括处置应对责任机制、指挥机制、响应流程、临机处置权限等内容。,a)检查应急预案框架，查看其内容是否覆盖处置应对责任机制、指挥机制、响应流程、临机处置权限等内容。_x000b_b)检查是否具有根据应急预案框架制定的不同事件的应急预案。,是
381,157,是否在统一的网络与信息安全事件应急预案框架下制定不同事件的应急预案，应急预案框架应包括处置应对责任机制、指挥机制、响应流程、临机处置权限等内容。,a)检查应急预案框架，查看其内容是否覆盖处置应对责任机制、指挥机制、响应流程、临机处置权限等内容。_x000b_b)检查是否具有根据应急预案框架制定的不同事件的应急预案。,否
495,157,是否在统一的网络与信息安全事件应急预案框架下制定不同事件的应急预案，应急预案框架应包括处置应对责任机制、指挥机制、响应流程、临机处置权限等内容。,a)询问安全管理员，防病毒网关和邮件防病毒网关的恶意代码库的升级机制；b)检查恶意代码库的升级记录，判断是否定期；c)检查恶意代码分析报告，确认对防病毒网关和邮件防病毒网关上截获的危险病毒或恶意代码进...,否
496,157,是否在统一的网络与信息安全事件应急预案框架下制定不同事件的应急预案，应急预案框架应包括处置应对责任机制、指挥机制、响应流程、临机处置权限等内容。,a)询问安全管理员，防病毒网关和邮件防病毒网关的恶意代码库的升级机制；b)检查恶意代码库的升级记录，判断是否定期；c)检查恶意代码分析报告，确认对防病毒网关和邮件防病毒网关上截获的危险病毒或恶意代码进...,否
158,158,应将网络攻击场景纳入应急预案。,检查应急预案，确认是否将网络攻击场景纳入应急预案。,是
159,159,应制定外包服务意外终止的应急措施。,检查应急预案，确认是否制定了外包服务意外终止的应急措施。,是
160,160,网络与信息安全事件应急预案内容是否根据应急演练的情况进行评估和更新。,检查应急预案评估报告，判断是否根据应急演练的情况进行评估和更新。,是
281,160,网络与信息安全事件应急预案内容是否根据应急演练的情况进行评估和更新。,检查按照补丁前是否对重要文件进行备份，在测试环境中测试。,否
384,160,网络与信息安全事件应急预案内容是否根据应急演练的情况进行评估和更新。,检查应急预案评估报告，判断是否根据应急演练的情况进行评估和更新。,否
387,160,网络与信息安全事件应急预案内容是否根据应急演练的情况进行评估和更新。,检查应急预案，判断是否包括网络与信息安全事件的报告流程。,否
469,160,网络与信息安全事件应急预案内容是否根据应急演练的情况进行评估和更新。,检查是否有软件开发方面的管理制度，查看文件是否明确软件设计、开发、测试、验收过程的控制方法和人员行为准则，是否明确哪些开发活动应经过授权、审批等。,否
470,160,网络与信息安全事件应急预案内容是否根据应急演练的情况进行评估和更新。,检查是否有软件开发方面的管理制度，查看文件是否明确软件设计、开发、测试、验收过程的控制方法和人员行为准则，是否明确哪些开发活动应经过授权、审批等。,否
481,160,网络与信息安全事件应急预案内容是否根据应急演练的情况进行评估和更新。,检查供应商管理制度，查看是否有对供应商支持运维服务的相关活动进行统一管理的规定。,否
547,160,网络与信息安全事件应急预案内容是否根据应急演练的情况进行评估和更新。,访谈开发负责人，询问是否为系统测试配备必要的人员和设备资源，需要时协调关联单位配合测试。,否
578,160,网络与信息安全事件应急预案内容是否根据应急演练的情况进行评估和更新。,检查供应商管理制度，查看是否有对供应商支持运维服务的相关活动进行统一管理的规定。,否
611,160,网络与信息安全事件应急预案内容是否根据应急演练的情况进行评估和更新。,检查应急预案，判断是否包括网络与信息安全事件的报告流程。,否
619,160,网络与信息安全事件应急预案内容是否根据应急演练的情况进行评估和更新。,检查应急预案，判断是否包括网络与信息安全事件的报告流程。,否
623,160,网络与信息安全事件应急预案内容是否根据应急演练的情况进行评估和更新。,检查应急预案，判断是否包括网络与信息安全事件的报告流程。,否
659,160,网络与信息安全事件应急预案内容是否根据应急演练的情况进行评估和更新。,检查供应商管理制度，查看是否有对供应商支持运维服务的相关活动进行统一管理的规定。,否
161,161,网络与信息安全事件应急预案内容是否包括网络与信息安全事件处置的具体方案。,检查应急预案，判断是否包括网络与信息安全事件处置的具体方案。,是
229,161,网络与信息安全事件应急预案内容是否包括网络与信息安全事件处置的具体方案。,查阅IT治理委员会成立发文。,否
238,161,网络与信息安全事件应急预案内容是否包括网络与信息安全事件处置的具体方案。,查阅公司员工名录，取得IT部门及风险管理部门、合规管理部门员工职责分工表及员工简历，确认信息技术合规及风险管理岗位人员是否有IT专业背景或工作经验。,否
271,161,网络与信息安全事件应急预案内容是否包括网络与信息安全事件处置的具体方案。,a)询问安全管理员，防病毒网关和邮件防病毒网关的恶意代码库的升级机制； b)检查恶意代码库的升级记录，判断是否定期。,否
301,161,网络与信息安全事件应急预案内容是否包括网络与信息安全事件处置的具体方案。,检查漏洞修补（变更）报告，确认对发现的网络系统安全漏洞进行了风险评估并及时修补，完成修补工作后进行了验证测试。,否
385,161,网络与信息安全事件应急预案内容是否包括网络与信息安全事件处置的具体方案。,检查应急预案，判断是否包括网络与信息安全事件处置的具体方案。,否
449,161,网络与信息安全事件应急预案内容是否包括网络与信息安全事件处置的具体方案。,检查应急预案，判断是否包括网络与信息安全事件处置的具体方案。,否
515,161,网络与信息安全事件应急预案内容是否包括网络与信息安全事件处置的具体方案。,检查相关服务说明或合同等材料，确定受托方是否为委托方提供信息系统运维和监控条件，满足委托方运维和监控需要。,否
570,161,网络与信息安全事件应急预案内容是否包括网络与信息安全事件处置的具体方案。,查看问题管理制度，是否对运维活动中发现的问题建立问题库。,否
609,161,网络与信息安全事件应急预案内容是否包括网络与信息安全事件处置的具体方案。,检查应急预案，判断是否包括网络与信息安全事件处置的具体方案。,否
162,162,网络与信息安全事件应急预案内容是否包括网络与信息安全事件内部调查处理以及分析总结的要求。,检查应急预案，判断是否包括网络与信息安全事件内部调查处理以及分析总结的要求。,是
163,163,网络与信息安全事件应急预案内容是否包括网络与信息安全事件的报告流程。,检查应急预案，判断是否包括网络与信息安全事件的报告流程。,是
164,164,是否制定应急处置联络手册。应急处置联络手册是否至少包括应急处置组织体系及相关关联单位的应急联络方式。,审阅应急处置联络手册，是否至少包括应急处置组织体系及相关关联单位的应急联络方式，且联络方式必须明确详细。,是
334,164,是否制定应急处置联络手册。应急处置联络手册是否至少包括应急处置组织体系及相关关联单位的应急联络方式。,检查配置库文档，是否包括对交易业务系统的服务器、存储、网络、安全设备，操作系统、应用软件、数据库等配置清单。,否
388,164,是否制定应急处置联络手册。应急处置联络手册是否至少包括应急处置组织体系及相关关联单位的应急联络方式。,审阅应急处置联络手册，是否至少包括应急处置组织体系及相关关联单位的应急联络方式，且联络方式必须明确详细。,否
525,164,是否制定应急处置联络手册。应急处置联络手册是否至少包括应急处置组织体系及相关关联单位的应急联络方式。,a)访谈网络管理员，询问是否每季度对网络进行漏洞扫描，发现漏洞如何处理；b)检查漏洞扫描报告，确认每季度对网络系统进行了漏洞扫描；c)检查漏洞修补（变更）报告，确认对发现的网络系统安全漏洞进行了风险评...,否
558,164,是否制定应急处置联络手册。应急处置联络手册是否至少包括应急处置组织体系及相关关联单位的应急联络方式。,检查配置库文档，是否包括对交易业务系统的服务器、存储、网络、安全设备，操作系统、应用软件、数据库等配置清单。,否
563,164,是否制定应急处置联络手册。应急处置联络手册是否至少包括应急处置组织体系及相关关联单位的应急联络方式。,查看问题库，是否对问题进行分析、提出解决方案、通过变更管理审批后部署实施，并将解决过程归纳整理并纳入问题库。,否
165,165,是否指定通报联络人，明确联络方式。通报联络人至少包括信息技术负责人及其备岗。通报联络方式至少包括应急值守电话与传真。将通报联络人及其联络方式及时通知监管部门、行业协会和相关单位。,a)查看应急处置联络手册，确认指定了通报联络人，至少包括信息技术负责人及其备岗；确认通报人联络方式至少包括应急值守电话与传真；b)访谈通报联络人，询问是否知悉其职责范围；,是
389,165,是否指定通报联络人，明确联络方式。通报联络人至少包括信息技术负责人及其备岗。通报联络方式至少包括应急值守电话与传真。将通报联络人及其联络方式及时通知监管部门、行业协会和相关单位。,a)查看应急处置联络手册，确认指定了通报联络人，至少包括信息技术负责人及其备岗；确认通报人联络方式至少包括应急值守电话与传真；b)访谈通报联络人，询问是否知悉其职责范围；,否
545,165,是否指定通报联络人，明确联络方式。通报联络人至少包括信息技术负责人及其备岗。通报联络方式至少包括应急值守电话与传真。将通报联络人及其联络方式及时通知监管部门、行业协会和相关单位。,a)访谈开发负责人，询问是否根据系统上线要求制定测试方案，确定采用的测试方法和测试流程；b)检查是否具有测试方案，是否包括覆盖功能、性能、容量、安全性、稳定性等方面；c)检查近期上线系统的测试报告。,否
613,165,是否指定通报联络人，明确联络方式。通报联络人至少包括信息技术负责人及其备岗。通报联络方式至少包括应急值守电话与传真。将通报联络人及其联络方式及时通知监管部门、行业协会和相关单位。,a)查看应急处置联络手册，确认指定了通报联络人，至少包括信息技术负责人及其备岗；确认通报人联络方式至少包括应急值守电话与传真；b)访谈通报联络人，询问是否知悉其职责范围；c)查阅通报联络人正式发文，确...,否
615,165,是否指定通报联络人，明确联络方式。通报联络人至少包括信息技术负责人及其备岗。通报联络方式至少包括应急值守电话与传真。将通报联络人及其联络方式及时通知监管部门、行业协会和相关单位。,a)查看应急处置联络手册，确认指定了通报联络人，至少包括信息技术负责人及其备岗；确认通报人联络方式至少包括应急值守电话与传真；b)访谈通报联络人，询问是否知悉其职责范围；c)查阅通报联络人正式发文，确...,否
166,166,应急处置联络手册是否及时更新。,抽查应急处置联络手册中的相关信息是否真实、有效、可用。,是
167,167,是否向证监会报备应急联络信息，并在发生变化时及时通知相关单位。,查阅通报联络人正式发文，确认将通报联络人及其联络方式及时通知了监管部门、行业协会和相关单位。,是
168,168,是否对系统相关的人员进行应急预案培训，应急预案的培训是否至少每年举办一次。,a)访谈系统运维负责人，询问是否对系统相关人员进行应急预案培训，多长时间举办一次；_x000b_b)检查应急培训记录，判断系统相关人员是否参加、是否每年至少一次。,是
327,168,是否对系统相关的人员进行应急预案培训，应急预案的培训是否至少每年举办一次。,a)访谈开发负责人，询问是否根据需要，要求生产系统运维人员和业务部门组织业务人员参与模拟环境测试；_x000b_b)查看测试通知或记录，是否有生产系统运维人员和业务部门组织业务人员参与。,否
392,168,是否对系统相关的人员进行应急预案培训，应急预案的培训是否至少每年举办一次。,a)访谈系统运维负责人，询问是否对系统相关人员进行应急预案培训，多长时间举办一次；_x000b_b)检查应急培训记录，判断系统相关人员是否参加、是否每年至少一次。,否
551,168,是否对系统相关的人员进行应急预案培训，应急预案的培训是否至少每年举办一次。,a)访谈开发负责人，询问是否根据需要，要求生产系统运维人员和业务部门组织业务人员参与模拟环境测试；b)查看测试通知或记录，是否有生产系统运维人员和业务部门组织业务人员参与。,否
616,168,是否对系统相关的人员进行应急预案培训，应急预案的培训是否至少每年举办一次。,a)访谈系统运维负责人，询问是否对系统相关人员进行应急预案培训，多长时间举办一次；b)检查应急培训记录，判断系统相关人员是否参加、是否每年至少一次。,否
169,169,是否根据应急预案的内容，制定详细的应急演练计划。,检查应急演练计划，确是否制定了正式的应急演练计划。,是
170,170,应急演练计划是否至少包括演练的目的、内容、时间、参与方、方式、前期准备情况、统计与记录要求、系统恢复与验证要求等内容。,检查应急演练计划，是否至少包括目的、内容、时间、参与方、方式、前期准备情况、统计与记录要求、系统恢复与验证要求等内容。,是
394,170,应急演练计划是否至少包括演练的目的、内容、时间、参与方、方式、前期准备情况、统计与记录要求、系统恢复与验证要求等内容。,检查应急演练计划，是否至少包括目的、内容、时间、参与方、方式、前期准备情况、统计与记录要求、系统恢复与验证要求等内容。,否
171,171,公司应急演练是否覆盖公司核心交易业务系统，是否覆盖其他场景应急演练覆盖情况，包括但不限于网络、通信、灾难、突发事件等方面的应急演练情况。,查阅公司应急演练计划及相关报告。,是
395,171,公司应急演练是否覆盖公司核心交易业务系统，是否覆盖其他场景应急演练覆盖情况，包括但不限于网络、通信、灾难、突发事件等方面的应急演练情况。,查阅公司应急演练计划及相关报告。,否
172,172,是否与银行等外部关联机构开展过联合应急演练，包括银证转账系统、银期转账系统、基金估值系统等。,查阅公司应急演练计划及相关报告。,是
396,172,是否与银行等外部关联机构开展过联合应急演练，包括银证转账系统、银期转账系统、基金估值系统等。,查阅公司应急演练计划及相关报告。,否
173,173,是否对演练中发现的问题进行改进。,检查演练整改报告，是否对演练中发现的问题进行改进。,是
174,174,是否定期或不定期开展信息技术风险评估活动，或聘请外部有资质的机构定期进行信息技术风险评估,查看信息技术风险评估报告,是
357,174,是否定期或不定期开展信息技术风险评估活动，或聘请外部有资质的机构定期进行信息技术风险评估,APP、系统,否
386,174,是否定期或不定期开展信息技术风险评估活动，或聘请外部有资质的机构定期进行信息技术风险评估,检查应急预案，判断是否包括网络与信息安全事件内部调查处理以及分析总结的要求。,否
610,174,是否定期或不定期开展信息技术风险评估活动，或聘请外部有资质的机构定期进行信息技术风险评估,检查应急预案，判断是否包括网络与信息安全事件内部调查处理以及分析总结的要求。,否
175,175,信息技术风险评估结果是否经IT治理委员会审定后，向公司总经理汇报，并向业务、合规、审计等部门传达,检查信息技术风险评估报告审批流转流程,是
292,175,信息技术风险评估结果是否经IT治理委员会审定后，向公司总经理汇报，并向业务、合规、审计等部门传达,调阅数据安全相关制度，确认是否对按照数据的敏感程度对数据进行分类分级。,否
602,175,信息技术风险评估结果是否经IT治理委员会审定后，向公司总经理汇报，并向业务、合规、审计等部门传达,a)检查安全责任和惩戒措施管理文档，查看是否包含具体的安全责任和惩戒措施；b)检查安全责任惩戒记录，是否对违反安全策略和规定的人员进行惩戒。,否
176,176,公司是否定期开展风险监测机制及执行情况的有效性评估。,查阅公司评估报告或其他公文材料，检查是否对风险监测和评估执行情况进行有效性评估。,是
177,177,公司风险监测机制及执行情况的有效性评估报告是否报送公司管理层。,查阅公司评估报告或其他公文材料，检查有效性评估报告是否报送公司管理层。,是
178,178,是否制定审计计划，审计计划是否保证3年内完成IT全面审计。,查阅审计计划,是
179,179,是否对公司进行专项IT审计。,查阅公司内部专项审计报告、审批、流转流程，确认是否进行了专项IT审计。,是
228,179,是否对公司进行专项IT审计。,查阅IT治理委员会成立发文。,否
245,179,是否对公司进行专项IT审计。,检查是否有软件开发方面的管理制度。,否
348,179,是否对公司进行专项IT审计。,根据公司提供的核心业务系统变更清单，抽查变更评审记录，确认变更后，业务部门进行了确认。,否
352,179,是否对公司进行专项IT审计。,检查邮件系统，确认是否设置密码策略，包括密码复杂度、密码有效期等。,否
403,179,是否对公司进行专项IT审计。,查阅公司内部专项审计报告、审批、流转流程，确认是否进行了专项IT审计。,否
456,179,是否对公司进行专项IT审计。,a)访谈物理安全负责人，询问机房是否设置有交流电源地线；b)检查机房验收合格证明，是否有设置交流电源地线的说明。,否
510,179,是否对公司进行专项IT审计。,检查配置库维护记录，判断是否定期对配置库进行备份。,否
514,179,是否对公司进行专项IT审计。,检查配置库维护记录，判断是否定期对配置库进行备份。,否
652,179,是否对公司进行专项IT审计。,检查配置库维护记录，判断是否定期对配置库进行备份。,否
180,180,在发生较大以上级别信息安全事件或频繁发生安全事件时，内部审计部门或合规风控部门是否对信息技术系统开展专项审计。,查阅公司内部专项审计报告、审批、流转流程，确认是否对重大信息安全事件开展专项审计。,是
181,181,是否每年对运维制度的执行情况和运维工作开展情况定期进行检查和审计。,检查审计期内的IT检查和审计记录，确认审计内容是否包含对IT 运维工作流程的审计。,是
339,181,是否每年对运维制度的执行情况和运维工作开展情况定期进行检查和审计。,查看问题库，是否对问题进行分析、提出解决方案、通过变更管理审批后部署实施。,否
349,181,是否每年对运维制度的执行情况和运维工作开展情况定期进行检查和审计。,抽查核心业务系统变更的历史记录。,否
182,182,信息系统运维管理工作审计范围是否至少包括对运维管理制度和操作流程的合理性和完整性进行评估，对运维管理制度和操作流程的执行情况进行评估，对文档、配置、数据的有效性进行评估，对整体安全状况进行评估，对运维人员履职能力进行评估等。,检查信息系统运维管理工作审计报告，确定信息系统运维管理工作审计范围至少包括对运维管理制度和操作流程的合理性和完整性进行评估，对运维管理制度和操作流程的执行情况进行评估，对文档、配置、数据的有效性进行评...,是
406,182,信息系统运维管理工作审计范围是否至少包括对运维管理制度和操作流程的合理性和完整性进行评估，对运维管理制度和操作流程的执行情况进行评估，对文档、配置、数据的有效性进行评估，对整体安全状况进行评估，对运维人员履职能力进行评估等。,检查信息系统运维管理工作审计报告，确定信息系统运维管理工作审计范围至少包括对运维管理制度和操作流程的合理性和完整性进行评估，对运维管理制度和操作流程的执行情况进行评估，对文档、配置、数据的有效性进行评...,否
183,183,是否对审计发现的问题进行整改。,查阅公司内部专项审计报告，确认公司是否根据审计意见进行整改。,是
184,184,应在保证系统运行安全和效率的前提下，启用系统审计或采用第三方安全审计产品，对服务器和重要客户端上的每个操作系统用户进行审计。,检查主要服务器操作系统、重要终端操作系统和主要数据库管理系统的安全审计策略或第三方审计产品（如堡垒机）的配置，确认是否将服务器和重要客户端纳入审计范围。,是
408,184,应在保证系统运行安全和效率的前提下，启用系统审计或采用第三方安全审计产品，对服务器和重要客户端上的每个操作系统用户进行审计。,检查主要服务器操作系统、重要终端操作系统和主要数据库管理系统的安全审计策略或第三方审计产品（如堡垒机）的配置，确认是否将服务器和重要客户端纳入审计范围。,否
185,185,是否记录并集中分类存储必要的操作日志、系统日志、应用日志、安全日志等，留存日志应满足审计的需要。,检查是否记录并集中分类存储必要的操作日志、系统日志、应用日志、安全日志等，以满足审计的需要。,是
409,185,是否记录并集中分类存储必要的操作日志、系统日志、应用日志、安全日志等，留存日志应满足审计的需要。,检查是否记录并集中分类存储必要的操作日志、系统日志、应用日志、安全日志等，以满足审计的需要。,否
633,185,是否记录并集中分类存储必要的操作日志、系统日志、应用日志、安全日志等，留存日志应满足审计的需要。,检查是否记录并集中分类存储必要的操作日志、系统日志、应用日志、安全日志等，以满足审计的需要。,否
186,186,审计记录是否包含重要的安全相关信息。,查看安全审计配置是否包括系统内重要用户行为、系统资源的异常和重要系统命令的使用等重要的安全相关信息。,是
410,186,审计记录是否包含重要的安全相关信息。,查看安全审计配置是否包括系统内重要用户行为、系统资源的异常和重要系统命令的使用等重要的安全相关信息。,否
555,186,审计记录是否包含重要的安全相关信息。,检查应急预案，确认有外包服务意外终止的应急措施。,否
607,186,审计记录是否包含重要的安全相关信息。,检查应急预案，确认有外包服务意外终止的应急措施。,否
187,187,审计记录是否至少保存6个月。,检查审计记录是否至少保存6个月。,是
188,188,是否保护审计记录，避免受到未预期的删除、修改或覆盖等。,检查了解是否采取了措施保护审计记录避免受到未预期的删除、修改或覆盖。,是
236,188,是否保护审计记录，避免受到未预期的删除、修改或覆盖等。,查阅公司员工名录，取得公司内部审计部门岗位职责分工表。,否
244,188,是否保护审计记录，避免受到未预期的删除、修改或覆盖等。,检查评审、修订信息技术管理制度和操作流程的记录，是否每年对制度和操作流程进行了评审、修订。,否
280,188,是否保护审计记录，避免受到未预期的删除、修改或覆盖等。,查看是否设置升级服务器。,否
300,188,是否保护审计记录，避免受到未预期的删除、修改或覆盖等。,a)访谈安全管理员，了解设备上线前的安全检查流程； b)查看设备上线前的漏洞扫描、渗透测试、病毒扫描、木马检测等扫描报告。,否
412,188,是否保护审计记录，避免受到未预期的删除、修改或覆盖等。,检查了解是否采取了措施保护审计记录避免受到未预期的删除、修改或覆盖。,否
457,188,是否保护审计记录，避免受到未预期的删除、修改或覆盖等。,检查应用系统性能和容量情况是否满足委托方要求，是否未影响正常业务运行。,否
509,188,是否保护审计记录，避免受到未预期的删除、修改或覆盖等。,a)访谈安全主管，询问由哪个部门或人员负责制定安全管理制度；b)查阅公司正式发文，是否指定或授权专门的部门或人员负责安全管理制度的制定。,否
517,188,是否保护审计记录，避免受到未预期的删除、修改或覆盖等。,审阅门户网站说明，检查是否禁止存放客户资料、交易数据等客户敏感数据。,否
554,188,是否保护审计记录，避免受到未预期的删除、修改或覆盖等。,a)访谈开发负责人，询问是否根据生产环境测试的结果设计系统升级过程及应急预案；b)抽查一次生产环境测试报告和系统变更方案。,否
662,188,是否保护审计记录，避免受到未预期的删除、修改或覆盖等。,查看监督和检查记录，确认对外包人员工作情况进行了监督和检查。,否
189,189,是否能够根据记录数据进行分析，并生成审计报表。,检查主要服务器操作系统、数据库或第三方安全审计产品（如堡垒机）的安全审计策略，查看是否为授权用户提供浏览和分析审计记录的功能，是否可以根据需要自动生成不同格式的审计报表，该功能是否已启用。,是
190,190,是否制定信息系统备份能力建设工作计划。,检查信息技术部门是否编制了信息系统备份能力建设工作计划。,是
285,190,是否制定信息系统备份能力建设工作计划。,询问是否设置专人负责室外LED大屏的安全管理，检查岗位职责说明书等相关文档。,否
314,190,是否制定信息系统备份能力建设工作计划。,查看安全检查记录,否
325,190,是否制定信息系统备份能力建设工作计划。,a)访谈开发负责人，询问是否交易时段不得使用生产环境进行测试；_x000b_b)抽查测试方案、测试记录、测试报告，查看是否在交易时段测试。,否
414,190,是否制定信息系统备份能力建设工作计划。,检查信息技术部门是否编制了信息系统备份能力建设工作计划。,否
549,190,是否制定信息系统备份能力建设工作计划。,a)访谈开发负责人，询问是否交易时段不得使用生产环境进行测试；b)抽查测试方案、测试记录、测试报告，查看是否在交易时段测试。,否
590,190,是否制定信息系统备份能力建设工作计划。,a)查看“表L.7-信息系统备案情况-信息系统备案情况-定级级别”，信息系统是否评定了安全保护等级；b)访谈信息技术负责人，询问是否明确信息系统的边界和安全保护等级；c)审阅信息系统安全等级评定资料，...,否
638,190,是否制定信息系统备份能力建设工作计划。,检查信息技术部门是否编制了信息系统备份能力建设工作计划。,否
653,190,是否制定信息系统备份能力建设工作计划。,a)检查“表L.8-本年度应急演练情况-针对消防等开展的应急演练的次数（次）”，审阅机房管理制度，是否规定定期进行消防设施的使用培训和演习；b)检查消防设施的使用培训和演习记录，确定是否定期进行培训和...,否
191,191,是否已建立故障备份设施和同城灾备中心（灾备机房），至少可保障核心交易业务系统应用级备份。,"1.约谈机房负责人有关故障备份设施和同城灾备中心（灾备机房）和异地灾备中心的建设情况；
2.查阅机房部署图和逻辑图。
3.确认同城灾备能力达到1:1",是
192,192,公司是否根据自身业务性质、规模和复杂程度制定适当的业务连续性计划；业务连续性计划内容是否包括业务应急措施、业务恢复或替代机制、应急联系方式、与客户的沟通方式、与相关单位通报机制、向监管部门报告机制、业务连续性计划披露及更新机制、备份数据恢复机制、备份信息技术系统恢复机制、技术替代方式。,"1.确认公司是否制定正式的业务连续性计划；
2.查阅公司业务连续性计划，分析其完整性及是否根据公司自身业务性质、规模和复杂程度进行编制；
3.查阅公司业务连续性计划内容是否涵盖业务应急措施、业务恢复或...",是
193,193,公司制订的业务连续性计划是否考虑以下情况，包括但不限于：因自然灾害等原因导致机房不可用、机房电力中断；网络、通信中断或拥堵至不可用；重要业务信息技术系统软硬件故障；重要业务信息数据损毁或遭到破坏；与经营机构建立业务连接的其他机构信息技术系统中断或严重故障；信息技术服务商的重大变更、公司核心信息技术团队发生重大变动等。,1.查阅公司业务连续性计划中场景是否考虑以下情况，包括但不限于：因自然灾害等原因导致机房不可用、机房电力中断；网络、通信中断或拥堵至不可用；重要业务信息技术系统软硬件故障；重要业务信息数据损毁或遭到破...,是
416,193,公司制订的业务连续性计划是否考虑以下情况，包括但不限于：因自然灾害等原因导致机房不可用、机房电力中断；网络、通信中断或拥堵至不可用；重要业务信息技术系统软硬件故障；重要业务信息数据损毁或遭到破坏；与经营机构建立业务连接的其他机构信息技术系统中断或严重故障；信息技术服务商的重大变更、公司核心信息技术团队发生重大变动等。,"1.确认公司是否制定正式的业务连续性计划；
2.查阅公司业务连续性计划，分析其完整性及是否根据公司自身业务性质、规模和复杂程度进行编制；
3.查阅公司业务连续性计划内容是否涵盖业务应急措施、业务恢复或...",否
417,193,公司制订的业务连续性计划是否考虑以下情况，包括但不限于：因自然灾害等原因导致机房不可用、机房电力中断；网络、通信中断或拥堵至不可用；重要业务信息技术系统软硬件故障；重要业务信息数据损毁或遭到破坏；与经营机构建立业务连接的其他机构信息技术系统中断或严重故障；信息技术服务商的重大变更、公司核心信息技术团队发生重大变动等。,1.查阅公司业务连续性计划中场景是否考虑以下情况，包括但不限于：因自然灾害等原因导致机房不可用、机房电力中断；网络、通信中断或拥堵至不可用；重要业务信息技术系统软硬件故障；重要业务信息数据损毁或遭到破...,否
640,193,公司制订的业务连续性计划是否考虑以下情况，包括但不限于：因自然灾害等原因导致机房不可用、机房电力中断；网络、通信中断或拥堵至不可用；重要业务信息技术系统软硬件故障；重要业务信息数据损毁或遭到破坏；与经营机构建立业务连接的其他机构信息技术系统中断或严重故障；信息技术服务商的重大变更、公司核心信息技术团队发生重大变动等。,a)检查应急响应服务协议是否包括通信、消防、电力设备、空调设备、软硬件产品、安全服务等相关单位；b)检查应急响应及服务保障协议内容是否包括双方联系人、联系方式、服务内容及范围、应急处理方式等；c)检查...,否
194,194,电力供应是否有优先保证承载核心交易业务系统的关键设备供电的措施。,检查机房用电管理规定，查看是否具有重点保障核心交易业务系统用电安全的措施。,是
195,195,【二类】是否具有双路市电供电，双路供电能实现自动切换，或在单路供电情况下，备用供电措施能提供超过4小时的供电时间。,a)检查公司提供的市电供电、UPS和应急供电情况说明；b)如果具有双路市电供电，应当说明双路供电的来源；c)如果没有双路市电供电，则UPS和后备发电设施的供电时间和在保证业务支撑时间的前提下，持续供电...,是
316,195,【二类】是否具有双路市电供电，双路供电能实现自动切换，或在单路供电情况下，备用供电措施能提供超过4小时的供电时间。,a)二级信息系统本年度是否开展自查工作；b)检查二级信息系统的自查报告，是否每年开展一次自查；c)检查二级信息系统的整改报告，对于不符合证券期货业信息安全等级保护基本要求（试行）的内容，是否及时整改。,否
419,195,【二类】是否具有双路市电供电，双路供电能实现自动切换，或在单路供电情况下，备用供电措施能提供超过4小时的供电时间。,a)检查公司提供的市电供电、UPS和应急供电情况说明；b)如果具有双路市电供电，应当说明双路供电的来源；c)如果没有双路市电供电，则UPS和后备发电设施的供电时间和在保证业务支撑时间的前提下，持续供电...,否
196,196,【三类以上（含）】是否采用双路市电，双路市电应能实现自动切换。,a)访谈机房管理员，询问机房是否采用了双路市电；_x000b_b)检查双路市电线路切换记录或供电部门相关协议，查看双路市电是否能够自动切换。,是
262,196,【三类以上（含）】是否采用双路市电，双路市电应能实现自动切换。,a)访谈安全主管，询问是否定期对各个岗位人员进行安全技能及安全知识的考核；_x000b_b)检查相关岗位的安全技能和安全认知的考核记录，查验安全技能和安全认知的考核是否至少每年一次。,否
270,196,【三类以上（含）】是否采用双路市电，双路市电应能实现自动切换。,查看网络安全规划文档和访谈网络安全管理员，检查网络边界恶意代码防护策略，检查在网络边界及核心业务网段处是否有相应的防恶意代码措施。,否
297,196,【三类以上（含）】是否采用双路市电，双路市电应能实现自动切换。,查看登记记录，检查确认离线数据存储介质入库前的调阅、复制、传输、查询进行了登记。,否
298,196,【三类以上（含）】是否采用双路市电，双路市电应能实现自动切换。,查看登记记录，检查确认离线数据存储介质入库后的调阅、复制、传输、查询进行了登记。,否
313,196,【三类以上（含）】是否采用双路市电，双路市电应能实现自动切换。,查看安全检查记录,否
374,196,【三类以上（含）】是否采用双路市电，双路市电应能实现自动切换。,抽查检查期间公司信息安全事件处理流程及相关审批文件，检查合规部门、风险管理部门是否参与相关工作。,否
391,196,【三类以上（含）】是否采用双路市电，双路市电应能实现自动切换。,查阅通报联络人正式发文，确认将通报联络人及其联络方式及时通知了监管部门、行业协会和相关单位。,否
401,196,【三类以上（含）】是否采用双路市电，双路市电应能实现自动切换。,查阅公司评估报告或其他公文材料，检查有效性评估报告是否报送公司管理层。,否
420,196,【三类以上（含）】是否采用双路市电，双路市电应能实现自动切换。,a)访谈机房管理员，询问机房是否采用了双路市电；_x000b_b)检查双路市电线路切换记录或供电部门相关协议，查看双路市电是否能够自动切换。,否
427,196,【三类以上（含）】是否采用双路市电，双路市电应能实现自动切换。,a)现场检查是否配备了发电机，检查发电机储油是否能够确保发电机持续供电，是否采取了有效措施确保发电机用油的及时补充；_x000b_b)如果是租用发电机，检查租用发电机的合同或相关证明材料；该合同或相关...,否
492,196,【三类以上（含）】是否采用双路市电，双路市电应能实现自动切换。,a)检查应用系统设计和验收文档，查看其访问控制的覆盖范围是否包括与信息安全直接相关的主体、客体及它们之间的操作；b)测试主要应用系统，可通过以默认用户登录系统，并进行一些合法和非法操作，验证系统是否严...,否
580,196,【三类以上（含）】是否采用双路市电，双路市电应能实现自动切换。,检查交付管理制度，查看交付流程是否对建成的信息系统交付运行维护的活动进行规范。,否
197,197,机房是否配备单独的配电柜。,访谈机房管理员，询问机房是否配备单独的配电柜。,是
365,197,机房是否配备单独的配电柜。,调阅在职员工人员名单，检查应用系统用户列表，确认系统用户在在职人员名单中。,否
421,197,机房是否配备单独的配电柜。,访谈机房管理员，询问机房是否配备单独的配电柜。,否
426,197,机房是否配备单独的配电柜。,检查机房的在线UPS设施，UPS应与计算机、网络设备在不同的独立封闭区域。,否
666,197,机房是否配备单独的配电柜。,a)访谈软件正版化人员，是否制定了软件正版化计划；b)检查软件正版化计划，是否对通用软件和专业软件制定正版化计划。,否
198,198,机房是否有独立于一般照明电的专用供配电线路。,检查机房供电线路图，是否有独立于一般照明电的专用供配电线路。,是
311,198,机房是否有独立于一般照明电的专用供配电线路。,查看安全检查记录,否
322,198,机房是否有独立于一般照明电的专用供配电线路。,a)检查系统测试管理制度和操作流程，查看数据和配置备份要求； b)抽查在生产系统上进行测试的工作记录，检查是否做好数据备份。,否
332,198,机房是否有独立于一般照明电的专用供配电线路。,查看应用系统上线或变更前的风险评估报告。,否
546,198,机房是否有独立于一般照明电的专用供配电线路。,a)检查系统测试管理制度和操作流程，查看数据和配置备份要求；b)抽查在生产系统上进行测试的工作记录，检查是否做好数据备份。,否
199,199,是否在机房供电线路上配置稳压器和过电压防护设备。,a)检查机房供电系统图及相关说明材料，机房供电线路上是否设置了稳压器和过电压防护设备；_x000b_b)检查机房维护记录，稳压器和过电压防护设备是否正常运行。,是
200,200,【三类以上（含）】机房是否配备双UPS供电。,a)检查公司提供的UPS设施情况说明；b)检查所有生产环境的双电源设备分别连接到不同的UPS；c)检查所有生产环境的单电源设备都分别连接到不同的UPS。,是
507,200,【三类以上（含）】机房是否配备双UPS供电。,a)查阅安全管理相关制度，查看对管理员登录地址的限制策略，评估其合理性；b)现场抽查关键网络设备，检验管理员登录地址限制策略是否被严格执行。,否
573,200,【三类以上（含）】机房是否配备双UPS供电。,检查两年内的演练记录。,否
201,201,【三类以上（含）】UPS实际供电能力是否能够满足主要设备在断电情况下正常运行2个小时以上。,a)现场检查UPS实际供电能力是否能够满足主要设备在断电情况下正常运行2个小时以上；_x000b_b)检查UPS设备运行记录、定期检查和维护记录。,是
240,201,【三类以上（含）】UPS实际供电能力是否能够满足主要设备在断电情况下正常运行2个小时以上。,a)检查“表L.1-按岗位人员情况”，检查运维岗位分工及岗位职责说明，机房管理员、网络管理员、系统管理员、数据库管理员、安全管理员等关键岗位是否设置主备岗；b)访谈机房管理员、网络管理员、系统管理员、...,否
338,201,【三类以上（含）】UPS实际供电能力是否能够满足主要设备在断电情况下正常运行2个小时以上。,查看问题库，是否将监控、分析、自查、检查、测评、评估和事件处理中发现的问题进行汇总，并纳入问题库。,否
359,201,【三类以上（含）】UPS实际供电能力是否能够满足主要设备在断电情况下正常运行2个小时以上。,a)检查等级测评报告，检查是否每年对三级系统进行测评；b)检查测评报告是否覆盖所有三级系统；c)检查整改报告，对发现的问题是否及时整改。,否
425,201,【三类以上（含）】UPS实际供电能力是否能够满足主要设备在断电情况下正常运行2个小时以上。,a)现场检查UPS实际供电能力是否能够满足主要设备在断电情况下正常运行2个小时以上；_x000b_b)检查UPS设备运行记录、定期检查和维护记录。,否
562,201,【三类以上（含）】UPS实际供电能力是否能够满足主要设备在断电情况下正常运行2个小时以上。,查看问题库，是否将监控、分析、自查、检查、测评、评估和事件处理中发现的问题进行汇总，并纳入问题库。,否
583,201,【三类以上（含）】UPS实际供电能力是否能够满足主要设备在断电情况下正常运行2个小时以上。,a)检查等级测评报告，检查是否每年对三级系统进行测评；b)检查测评报告是否覆盖所有三级系统；c)检查整改报告，对发现的问题是否及时整改。,否
634,201,【三类以上（含）】UPS实际供电能力是否能够满足主要设备在断电情况下正常运行2个小时以上。,检查边界和主要网络设备的安全审计记录，查看是否包括：事件的日期和时间、用户、事件类型、事件成功情况，及其他与审计相关的信息。,否
639,201,【三类以上（含）】UPS实际供电能力是否能够满足主要设备在断电情况下正常运行2个小时以上。,检查机房用电管理规定，查看是否具有重点保障核心交易业务系统用电安全的措施。,否
642,201,【三类以上（含）】UPS实际供电能力是否能够满足主要设备在断电情况下正常运行2个小时以上。,检查机房用电管理规定，查看是否具有重点保障核心交易业务系统用电安全的措施。,否
202,202,UPS是否存放在独立封闭区域。,检查机房的在线UPS设施，UPS应与计算机、网络设备在不同的独立封闭区域。,是
203,203,【三类以上（含）】机房是否自备或租用发电机，能够保障持续供电。,a)现场检查是否配备了发电机，检查发电机储油是否能够确保发电机持续供电，是否采取了有效措施确保发电机用油的及时补充；_x000b_b)如果是租用发电机，检查租用发电机的合同或相关证明材料；该合同或相关...,是
204,204,如有发电机，是否定期对发电机进行开机测试。,公司提供一年内发电机开机测试记录，应包括测试时间，测试结果等内容。,是
234,204,如有发电机，是否定期对发电机进行开机测试。,查阅公司员工名录，取得IT部门及风险管理部门、合规管理部门员工职责分工表及员工简历，确认分管IT的高管人员是否有IT专业背景或工作经验。,否
455,204,如有发电机，是否定期对发电机进行开机测试。,"a)是否将APP安全需求、安全开发、安全测试、安全发布、APP个人信息保护纳入信息技术管理制度;
b)询问是否参照《证券期货业移动互联网应用程序安全规范》、《证券期货业移动互联网应用程序安全检测规范》...",否
461,204,如有发电机，是否定期对发电机进行开机测试。,"a)是否将APP安全需求、安全开发、安全测试、安全发布、APP个人信息保护纳入信息技术管理制度;
b)询问是否参照《证券期货业移动互联网应用程序安全规范》、《证券期货业移动互联网应用程序安全检测规范》...",否
475,204,如有发电机，是否定期对发电机进行开机测试。,检查是否每月对运行日志和审计数据进行分析。,否
494,204,如有发电机，是否定期对发电机进行开机测试。,查看网络安全规划文档和访谈网络安全管理员，检查网络边界恶意代码防护策略，检查在网络边界及核心业务网段处是否有相应的防恶意代码措施，如果部署了主机恶意代码检测系统，网络边界恶意代码检测系统可选择安装部署...,否
500,204,如有发电机，是否定期对发电机进行开机测试。,检查是否每月对运行日志和审计数据进行分析。,否
531,204,如有发电机，是否定期对发电机进行开机测试。,审阅评估报告，检查是否对安全检查情况进行评估。,否
591,204,如有发电机，是否定期对发电机进行开机测试。,测试主要应用系统，可通过对系统进行超过规定的单个帐户的多重并发会话数进行连接，验证系统是否能够正确地限制单个帐户的多重并发会话数。,否
624,204,如有发电机，是否定期对发电机进行开机测试。,审阅评估报告，检查是否对安全检查情况进行评估。,否
625,204,如有发电机，是否定期对发电机进行开机测试。,审阅评估报告，检查是否对安全检查情况进行评估。,否
205,205,【三类以上（含）】是否定期进行电力设施实时切换演练。,a)检查公司提供的电力设施实时切换演练制度；b)检查公司近两年内电力设施实时切换演练记录；实时切换应当做到模拟一路市电中断、一路UPS完全失效和一路电源开关发生故障的情况下，所有的生产环境设备不需要任...,是
206,206,是否在与供应商签订的合同中明确其应承担的责任、义务，并约定服务要求和范围等内容。,检查与供应商签订的合同，查看是否明确其应承担的责任、义务，并约定服务要求和范围等内容。,是
337,206,是否在与供应商签订的合同中明确其应承担的责任、义务，并约定服务要求和范围等内容。,检查事件记录，事件处理情况是否包括事件暴露出的问题及采取的整改措施，责任追究情况。,否
351,206,是否在与供应商签订的合同中明确其应承担的责任、义务，并约定服务要求和范围等内容。,a)查看机房管理制度或变更管理制度，是否规定了原则上禁止交易时段对交易业务网的网络设备、安全设备、系统设备进行更换或变更配置； b)抽查变更记录，是否做到原则上不在交易时段对交易业务网的网络设备、安全...,否
356,206,是否在与供应商签订的合同中明确其应承担的责任、义务，并约定服务要求和范围等内容。,APP、系统,否
430,206,是否在与供应商签订的合同中明确其应承担的责任、义务，并约定服务要求和范围等内容。,检查与供应商签订的合同，查看是否明确其应承担的责任、义务，并约定服务要求和范围等内容。,否
520,206,是否在与供应商签订的合同中明确其应承担的责任、义务，并约定服务要求和范围等内容。,检查离线数据维护记录，查看对离线数据的调阅、复制、传输、查询的授权审批记录。,否
521,206,是否在与供应商签订的合同中明确其应承担的责任、义务，并约定服务要求和范围等内容。,检查离线数据维护记录，查看对离线数据的调阅、复制、传输、查询的授权审批记录。,否
522,206,是否在与供应商签订的合同中明确其应承担的责任、义务，并约定服务要求和范围等内容。,检查离线数据维护记录，查看对离线数据的调阅、复制、传输、查询的授权审批记录。,否
575,206,是否在与供应商签订的合同中明确其应承担的责任、义务，并约定服务要求和范围等内容。,a)查看机房管理制度或变更管理制度，是否规定了原则上禁止交易时段对交易业务网的网络设备、安全设备、系统设备进行更换或变更配置；b)抽查变更记录，是否做到原则上不在交易时段对交易业务网的网络设备、安全设...,否
654,206,是否在与供应商签订的合同中明确其应承担的责任、义务，并约定服务要求和范围等内容。,检查与供应商签订的合同，查看是否明确其应承担的责任、义务，并约定服务要求和范围等内容。,否
207,207,是否与选定的安全服务商签订与安全相关的协议，对合作方服务人员提出明确的信息安全要求。,检查与安全服务商签订的安全责任合同书或保密协议等文档，查看其内容是否包含保密范围、安全责任、违约责任、协议的有效期限和责任人的签字等。,是
346,207,是否与选定的安全服务商签订与安全相关的协议，对合作方服务人员提出明确的信息安全要求。,查看变更管理制度，确认其中是否对重要变更、一般变更、紧急变更进行了定义，并建立了不同的申请、审批流程。,否
361,207,是否与选定的安全服务商签订与安全相关的协议，对合作方服务人员提出明确的信息安全要求。,检查会议纪要或者论证报告等文档，是否组织有关部门及技术专家对信息系统定级结果的合理性和正确性进行论证和审定。,否
370,207,是否与选定的安全服务商签订与安全相关的协议，对合作方服务人员提出明确的信息安全要求。,查阅公司核心业务系统故障应对能力达标证明材料（包括：备份系统建设情况、备份策略、应急演练记录等），确认集中交易系统（含第三方存管）、融资融券系统、网上交易系统、电话委托系统、移动证券系统等核心业务系统...,否
431,207,是否与选定的安全服务商签订与安全相关的协议，对合作方服务人员提出明确的信息安全要求。,检查与安全服务商签订的安全责任合同书或保密协议等文档，查看其内容是否包含保密范围、安全责任、违约责任、协议的有效期限和责任人的签字等。,否
561,207,是否与选定的安全服务商签订与安全相关的协议，对合作方服务人员提出明确的信息安全要求。,检查事件总结报告，事件处理情况是否包括事件暴露出的问题及采取的整改措施，责任追究情况。,否
585,207,是否与选定的安全服务商签订与安全相关的协议，对合作方服务人员提出明确的信息安全要求。,检查会议纪要或者论证报告等文档，是否组织有关部门及技术专家对信息系统定级结果的合理性和正确性进行论证和审定。,否
655,207,是否与选定的安全服务商签订与安全相关的协议，对合作方服务人员提出明确的信息安全要求。,检查与安全服务商签订的安全责任合同书或保密协议等文档，查看其内容是否包含保密范围、安全责任、违约责任、协议的有效期限和责任人的签字等。,否
208,208,是否要求供应商签署承诺书，承诺产品不存在恶意代码或未授权的功能，不提供违反我国法律法规的功能模块，并符合证券期货行业有关技术规范和技术指引。,检查供应商签署的承诺书，查看供应商是否承诺产品不存在恶意代码或未授权的功能，不提供违反我国法律法规的功能模块，并符合证券期货行业有关技术规范和技术指引。,是
432,208,是否要求供应商签署承诺书，承诺产品不存在恶意代码或未授权的功能，不提供违反我国法律法规的功能模块，并符合证券期货行业有关技术规范和技术指引。,检查供应商签署的承诺书，查看供应商是否承诺产品不存在恶意代码或未授权的功能，不提供违反我国法律法规的功能模块，并符合证券期货行业有关技术规范和技术指引。,否
567,208,是否要求供应商签署承诺书，承诺产品不存在恶意代码或未授权的功能，不提供违反我国法律法规的功能模块，并符合证券期货行业有关技术规范和技术指引。,a)查阅运维值班负责人及备岗人员名单；b)访谈运维值班负责人及备岗人员，询问是否知悉其职责范围包括：日常操作的部署、检查、风险控制、业务衔接等工作；c)查看运维值班负责人及备岗人员值班记录，判断是否没...,否
568,208,是否要求供应商签署承诺书，承诺产品不存在恶意代码或未授权的功能，不提供违反我国法律法规的功能模块，并符合证券期货行业有关技术规范和技术指引。,a)查阅运维值班负责人及备岗人员名单；b)访谈运维值班负责人及备岗人员，询问是否知悉其职责范围包括：日常操作的部署、检查、风险控制、业务衔接等工作；c)查看运维值班负责人及备岗人员值班记录，判断是否没...,否
605,208,是否要求供应商签署承诺书，承诺产品不存在恶意代码或未授权的功能，不提供违反我国法律法规的功能模块，并符合证券期货行业有关技术规范和技术指引。,a)检查应急预案框架，查看其内容是否覆盖启动应急预案的条件、应急处理流程、系统恢复流程、事后教育和培训等方面；b)检查是否具有根据应急预案框架制定的不同事件的应急预案。,否
660,208,是否要求供应商签署承诺书，承诺产品不存在恶意代码或未授权的功能，不提供违反我国法律法规的功能模块，并符合证券期货行业有关技术规范和技术指引。,a)检查供应商列表，访谈信息技术负责人，判断是否定期收集、更新供应商信息；b)检查供应商评价报告，判断是否定期组织对供应商的服务质量、合同履行情况、人员工作情况等内容进行评价，并跟踪和记录供应商改进情...,否
209,209,公司托管机房服务合同是否包含应急服务响应和支持条款。,检查托管服务合同和相关文档，确认其中包含应急服务响应和支持条款。,是
276,209,公司托管机房服务合同是否包含应急服务响应和支持条款。,检查是否使用堡垒机。,否
296,209,公司托管机房服务合同是否包含应急服务响应和支持条款。,检查离线数据维护记录，查看对离线数据的调阅、复制、传输、查询的授权审批记录。,否
319,209,公司托管机房服务合同是否包含应急服务响应和支持条款。,a)访谈软件开发人员，询问其是否了解软件开发管理制度，是否了解代码编写规范，是否按照代码编写规范进行软件开发；_x000b_b)检查代码编写规范，查看规范中是否明确代码编写规则，应抽样部分源代码，检查...,否
368,209,公司托管机房服务合同是否包含应急服务响应和支持条款。,检查主要应用系统的配置参数，查看是否提供对最大并发会话连接数进行限制。,否
377,209,公司托管机房服务合同是否包含应急服务响应和支持条款。,检查安全责任和惩戒措施管理文档，查看是否包含具体的安全责任和惩戒措施，,否
400,209,公司托管机房服务合同是否包含应急服务响应和支持条款。,查阅公司评估报告或其他公文材料，检查是否对风险监测和评估执行情况进行有效性评估。,否
429,209,公司托管机房服务合同是否包含应急服务响应和支持条款。,a)检查公司提供的电力设施实时切换演练制度；b)检查公司近两年内电力设施实时切换演练记录；实时切换应当做到模拟一路市电中断、一路UPS完全失效和一路电源开关发生故障的情况下，所有的生产环境设备不需要任...,否
433,209,公司托管机房服务合同是否包含应急服务响应和支持条款。,检查托管服务合同和相关文档，确认其中包含应急服务响应和支持条款。,否
439,209,公司托管机房服务合同是否包含应急服务响应和支持条款。,检查与外包公司签订的合同，确认合同中明确了明确界定外包人员的工作职责、活动范围、操作权限。,否
460,209,公司托管机房服务合同是否包含应急服务响应和支持条款。,检查值班管理制度，是否明确值班负责人和信息技术负责人负责信息安全应急值守。,否
462,209,公司托管机房服务合同是否包含应急服务响应和支持条款。,检查值班管理制度，是否明确值班负责人和信息技术负责人负责信息安全应急值守。,否
483,209,公司托管机房服务合同是否包含应急服务响应和支持条款。,检查安全教育和培训记录，查看记录是否有培训人员、培训内容、培训结果等的描述。,否
484,209,公司托管机房服务合同是否包含应急服务响应和支持条款。,检查安全教育和培训记录，查看记录是否有培训人员、培训内容、培训结果等的描述。,否
592,209,公司托管机房服务合同是否包含应急服务响应和支持条款。,检查主要应用系统的配置参数，查看是否提供对最大并发会话连接数进行限制。,否
661,209,公司托管机房服务合同是否包含应急服务响应和支持条款。,检查与外包公司签订的合同，确认合同中明确了明确界定外包人员的工作职责、活动范围、操作权限。,否
663,209,公司托管机房服务合同是否包含应急服务响应和支持条款。,检查与外包公司签订的合同，确认合同中明确了明确界定外包人员的工作职责、活动范围、操作权限。,否
210,210,信息系统托管中，受托方是否为委托方提供7×24小时支持服务，是否在5分钟内响应委托方提出的服务请求，并在30分钟内到场服务。遇到突发事件，是否积极配合委托方共同开展应急处置工作。（本项适用于：三+系统托管）,a)查看委托合同和应急预案，是否明确要求7×24小时支持服务制度；b)检查应急事件报告书，查看受托方是否在5分钟内响应委托方的服务请求，并在30分钟内到场服务。,是
434,210,信息系统托管中，受托方是否为委托方提供7×24小时支持服务，是否在5分钟内响应委托方提出的服务请求，并在30分钟内到场服务。遇到突发事件，是否积极配合委托方共同开展应急处置工作。（本项适用于：三+系统托管）,a)查看委托合同和应急预案，是否明确要求7×24小时支持服务制度；b)检查应急事件报告书，查看受托方是否在5分钟内响应委托方的服务请求，并在30分钟内到场服务。,否
582,210,信息系统托管中，受托方是否为委托方提供7×24小时支持服务，是否在5分钟内响应委托方提出的服务请求，并在30分钟内到场服务。遇到突发事件，是否积极配合委托方共同开展应急处置工作。（本项适用于：三+系统托管）,a)询问网络管理员，是否禁止通过互联网对防火墙、网络设备、服务器进行远程管理和维护，特殊紧急情况下的访问策略；b)对防火墙、网络设备、服务器进行远程管理和维护，而特殊紧急情况下是否采取限制登录IP、使...,否
656,210,信息系统托管中，受托方是否为委托方提供7×24小时支持服务，是否在5分钟内响应委托方提出的服务请求，并在30分钟内到场服务。遇到突发事件，是否积极配合委托方共同开展应急处置工作。（本项适用于：三+系统托管）,a)检查供应商签署的保密协议，查看是否禁止供应商泄露所服务机构的保密信息；b)检查供应商签署的承诺书，查看供应商是否承诺产品不存在恶意代码或未授权的功能，不提供违反我国法律法规的功能模块，并符合证券期...,否
211,211,是否建立供应商列表，定期收集、更新供应商信息。,检查供应商列表，访谈信息技术负责人，判断是否定期收集、更新供应商信息。,是
212,212,是否组织对供应商的服务质量、合同履行情况、人员工作情况等内容进行评价，形成评价报告，并跟踪和记录供应商改进情况。,检查供应商评价报告，判断是否定期组织对供应商的服务质量、合同履行情况、人员工作情况等内容进行评价，并跟踪和记录供应商改进情况。,是
261,212,是否组织对供应商的服务质量、合同履行情况、人员工作情况等内容进行评价，形成评价报告，并跟踪和记录供应商改进情况。,检查安全教育和培训计划和安全教育和培训记录，查看记录是否有网络攻击防范相关内容，是否有员工邮件安全意识教育相关内容。,否
436,212,是否组织对供应商的服务质量、合同履行情况、人员工作情况等内容进行评价，形成评价报告，并跟踪和记录供应商改进情况。,检查供应商评价报告，判断是否定期组织对供应商的服务质量、合同履行情况、人员工作情况等内容进行评价，并跟踪和记录供应商改进情况。,否
213,213,信息技术外包管理制度中是否明确驻场外包人员入场、离场的管理要求。,查看信息技术外包管理制度，确认是否明确驻场外包人员入场的管理要求。,是
289,213,信息技术外包管理制度中是否明确驻场外包人员入场、离场的管理要求。,检查是否对系统大流量数据异常外传、非授权传输等数据访问情况进行监测。,否
294,213,信息技术外包管理制度中是否明确驻场外包人员入场、离场的管理要求。,检查开发终端上是否使用技术手段防止开发人员泄露源代码。,否
350,213,信息技术外包管理制度中是否明确驻场外包人员入场、离场的管理要求。,查看测试记录，是否在设备和软件投入使用前进行必要的验证性测试。,否
418,213,信息技术外包管理制度中是否明确驻场外包人员入场、离场的管理要求。,检查机房用电管理规定，查看是否具有重点保障核心交易业务系统用电安全的措施。,否
437,213,信息技术外包管理制度中是否明确驻场外包人员入场、离场的管理要求。,查看信息技术外包管理制度，确认是否明确驻场外包人员入场的管理要求。,否
485,213,信息技术外包管理制度中是否明确驻场外包人员入场、离场的管理要求。,a)访谈安全主管，询问是否制定安全教育和培训计划；b)检查安全教育和培训计划文档，查看计划是否明确了培训方式、培训对象、培训内容、培训时间和地点等；c)检查培训内容是否包含信息安全基础知识、岗位操作规...,否
574,213,信息技术外包管理制度中是否明确驻场外包人员入场、离场的管理要求。,查看测试记录，是否在设备和软件投入使用前进行必要的验证性测试。,否
214,214,是否对驻场外包人员的入场和离场进行管理。,查阅公司提供的驻场外包人员的入场和离场记录。,是
265,214,是否对驻场外包人员的入场和离场进行管理。,检查考核记录，查看考核内容是否包含安全知识、安全技能等。,否
366,214,是否对驻场外包人员的入场和离场进行管理。,调阅应用系统用户管理或访问控制相关制度，明确是否制定了用户权限申请、审批、更新、注销流程。,否
424,214,是否对驻场外包人员的入场和离场进行管理。,a)检查公司提供的UPS设施情况说明；b)检查所有生产环境的双电源设备分别连接到不同的UPS；c)检查所有生产环境的单电源设备都分别连接到不同的UPS。,否
493,214,是否对驻场外包人员的入场和离场进行管理。,a)查阅安全管理相关制度，查看对管理员登录地址的限制策略，评估其合理性；b)现场抽查关键网络设备，检验管理员登录地址限制策略是否被严格执行。,否
215,215,是否明确界定外包人员的工作职责、活动范围、操作权限。,检查与外包公司签订的合同，确认合同中明确了明确界定外包人员的工作职责、活动范围、操作权限。,是
216,216,是否建立软件资产管理制度，或将软件资产纳入本单位资产管理体系，对软件采购、安装、升级等工作流程有严格管理。,访谈信息技术负责人，是否将软件资产纳入资产管理体系，并对软件采购、安装、升级等流程进行管理；检查固定资产管理办法，是否包含软件购置、安装、升级等流程。,是
440,216,是否建立软件资产管理制度，或将软件资产纳入本单位资产管理体系，对软件采购、安装、升级等工作流程有严格管理。,访谈信息技术负责人，是否将软件资产纳入资产管理体系，并对软件采购、安装、升级等流程进行管理；检查固定资产管理办法，是否包含软件购置、安装、升级等流程。,否
464,216,是否建立软件资产管理制度，或将软件资产纳入本单位资产管理体系，对软件采购、安装、升级等工作流程有严格管理。,a)检查“表L.1-按岗位人员情况”，检查运维岗位分工及岗位职责说明，是否包括机房管理员、网络管理员、系统管理员、数据库管理员、安全管理员等关键岗位，并设置主备岗；b)访谈机房管理员、网络管理员、系统...,否
664,216,是否建立软件资产管理制度，或将软件资产纳入本单位资产管理体系，对软件采购、安装、升级等工作流程有严格管理。,a)访谈信息技术负责人，是否将软件资产纳入资产管理体系，并对软件采购、安装、升级等流程进行管理；b)检查固定资产管理办法，是否包含软件购置、安装、升级等流程。,否
217,217,是否明确部门或责任人，负责本单位软件正版化工作。,访谈软件正版化相关人员，是否制定了相关制度，制定专人负责软件正版化工作，同时软件正版化负责人是否明确其岗位职责。,是
263,217,是否明确部门或责任人，负责本单位软件正版化工作。,a)检查是否对岗位人员的安全技能及安全认知考核结果进行记录；_x000b_b)记录是否得到妥善保存。,否
284,217,是否明确部门或责任人，负责本单位软件正版化工作。,检查办公、生产、开发测试终端的恶意代码防范策略。,否
333,217,是否明确部门或责任人，负责本单位软件正版化工作。,检查系统容量评估报告，是否定期对系统容量进行检查和评估。,否
353,217,是否明确部门或责任人，负责本单位软件正版化工作。,检查是否有人员对批量下载邮件、异常时段登陆的行为进行监控。,否
393,217,是否明确部门或责任人，负责本单位软件正版化工作。,检查应急演练计划，确是否制定了正式的应急演练计划。,否
423,217,是否明确部门或责任人，负责本单位软件正版化工作。,a)检查机房供电系统图及相关说明材料，机房供电线路上是否设置了稳压器和过电压防护设备；_x000b_b)检查机房维护记录，稳压器和过电压防护设备是否正常运行。,否
441,217,是否明确部门或责任人，负责本单位软件正版化工作。,访谈软件正版化相关人员，是否制定了相关制度，制定专人负责软件正版化工作，同时软件正版化负责人是否明确其岗位职责。,否
458,217,是否明确部门或责任人，负责本单位软件正版化工作。,检查“表L.9-基本情况”，访谈系统建设负责人，询问是否有专门的部门或人员负责本单位软件正版化工作，由何部门/何人负责。,否
518,217,是否明确部门或责任人，负责本单位软件正版化工作。,访谈安全管理员，了解采取了哪些措施，防止外送维修设备的数据泄露。,否
556,217,是否明确部门或责任人，负责本单位软件正版化工作。,检查系统容量评估报告，是否定期对系统容量进行检查和评估。,否
557,217,是否明确部门或责任人，负责本单位软件正版化工作。,检查系统容量评估报告，是否定期对系统容量进行检查和评估。,否
622,217,是否明确部门或责任人，负责本单位软件正版化工作。,检查系统容量评估报告，是否定期对系统容量进行检查和评估。,否
647,217,是否明确部门或责任人，负责本单位软件正版化工作。,a)检查机房供电系统图及相关说明材料，机房供电线路上是否设置了稳压器和过电压防护设备；b)检查机房维护记录，稳压器和过电压防护设备是否正常运行。,否
665,217,是否明确部门或责任人，负责本单位软件正版化工作。,检查“表L.9-基本情况”，访谈系统建设负责人，询问是否有专门的部门或人员负责本单位软件正版化工作，由何部门/何人负责。,否
218,218,是否制定了软件正版化工作计划。,a)访谈软件正版化工作人员，是否制定了软件正版化计划；b)检查软件正版化计划，是否对通用软件和专业软件制定正版化计划。,是
259,218,是否制定了软件正版化工作计划。,检查安全教育和培训计划文档，确认安全教育培训是否覆盖全体员工。,否
260,218,是否制定了软件正版化工作计划。,检查安全教育和培训计划文档，确认安全教育培训是否至少每年进行一次。,否
278,218,是否制定了软件正版化工作计划。,调阅操作系统、数据库、堡垒机用户管理或访问控制相关制度，明确是否制定了用户权限申请、审批、更新、注销流程。,否
287,218,是否制定了软件正版化工作计划。,如果能通过远程方式管理LED屏幕，确认使用了高强度口令，并修改了默认口令。,否
309,218,是否制定了软件正版化工作计划。,查看安全检查记录,否
331,218,是否制定了软件正版化工作计划。,抽查信息系统，确认是否针对各系统制定了应急操作手册。,否
382,218,是否制定了软件正版化工作计划。,检查应急预案，确认是否将网络攻击场景纳入应急预案。,否
390,218,是否制定了软件正版化工作计划。,抽查应急处置联络手册中的相关信息是否真实、有效、可用。,否
407,218,是否制定了软件正版化工作计划。,查阅公司内部专项审计报告，确认公司是否根据审计意见进行整改。,否
442,218,是否制定了软件正版化工作计划。,a)访谈软件正版化工作人员，是否制定了软件正版化计划；b)检查软件正版化计划，是否对通用软件和专业软件制定正版化计划。,否
487,218,是否制定了软件正版化工作计划。,a)检查是否对岗位人员的安全审查和技能考核结果进行记录；b)记录是否得到妥善保存。,否
596,218,是否制定了软件正版化工作计划。,a)检查是否对岗位人员的安全审查和技能考核结果进行记录；b)记录是否得到妥善保存。,否
219,219,是否每年对软件正版化情况开展自查。,a)访谈软件正版化人员，是否对公司使用的软件正版化情况每年进行自查，对检查情况进行记录；b)检查软件正版化自查记录。,是
254,219,是否每年对软件正版化情况开展自查。,检查是否建立信息安全事件相关管理制度。,否
283,219,是否每年对软件正版化情况开展自查。,查看终端，确认终端是否安装终端管理系统，确认终端管理系统是否能够对终端软件安装进行限制。,否
293,219,是否每年对软件正版化情况开展自查。,调阅数据安全相关制度，确认是否明确不同级别敏感信息的管理要求包括数据的采集、处理、存贮、传输、加密、备份、恢复、清理和销毁等。,否
305,219,是否每年对软件正版化情况开展自查。,检查病毒扫描时间，确认未在交易时段内进行。,否
329,219,是否每年对软件正版化情况开展自查。,检查近期上线系统的测试报告，确认是否进行了安全测试。,否
383,219,是否每年对软件正版化情况开展自查。,检查应急预案，确认是否制定了外包服务意外终止的应急措施。,否
443,219,是否每年对软件正版化情况开展自查。,a)访谈软件正版化人员，是否对公司使用的软件正版化情况每年进行自查，对检查情况进行记录；b)检查软件正版化自查记录。,否
508,219,是否每年对软件正版化情况开展自查。,a)访谈安全管理员，询问防恶意代码软件是否由专人负责进行管理和维护；b)检查主机防恶意代码软件维护记录，确认防恶意代码软件由专人统一管理。,否
667,219,是否每年对软件正版化情况开展自查。,a)访谈软件正版化人员，是否对公司使用的软件正版化情况每年进行自查，并出具自查报告；b)检查软件正版化自查报告。,否
220,220,是否妥善保存购置合同、软件授权证书或许可协议等核心资料。,a)访谈文档管理员，是否对软件采购合同、授权书等资料进行管理；b)检查文档清单，是否包含软件购置合同及授权许可。,是
241,220,是否妥善保存购置合同、软件授权证书或许可协议等核心资料。,检查运维岗位分工及岗位职责说明，机房管理员、网络管理员、系统管理员、数据库管理员、安全管理员等关键岗位的职责范围是否清晰、明确，有相互制约的要求。,否
291,220,是否妥善保存购置合同、软件授权证书或许可协议等核心资料。,检查是否与CDN服务提供商、基础电信系运营企业联动，抵御DDOS攻击。,否
312,220,是否妥善保存购置合同、软件授权证书或许可协议等核心资料。,查看安全检查记录,否
402,220,是否妥善保存购置合同、软件授权证书或许可协议等核心资料。,查阅审计计划,否
444,220,是否妥善保存购置合同、软件授权证书或许可协议等核心资料。,a)访谈文档管理员，是否对软件采购合同、授权书等资料进行管理；b)检查文档清单，是否包含软件购置合同及授权许可。,否
465,220,是否妥善保存购置合同、软件授权证书或许可协议等核心资料。,检查运维岗位分工及岗位职责说明，机房管理员、网络管理员、系统管理员、数据库管理员、安全管理员等关键岗位的职责范围是否清晰、明确，有相互制约的要求。,否
478,220,是否妥善保存购置合同、软件授权证书或许可协议等核心资料。,检查事件管理流程，是否对信息系统运维事件的处理进行规范。,否
489,220,是否妥善保存购置合同、软件授权证书或许可协议等核心资料。,a)访谈安全主管，询问是否对关键岗位人员定期进行安全审查和技能考核；b)检查考核记录，查看是否考核关键岗位人员，考核内容是否包含安全知识、安全技能等，考核是否至少每年一次。,否
502,220,是否妥善保存购置合同、软件授权证书或许可协议等核心资料。,检查重要服务器操作系统的访问控制策略，查看是否对重要文件的访问权限进行了限制，对系统不需要的服务、共享路径等进行了禁用或删除。,否
504,220,是否妥善保存购置合同、软件授权证书或许可协议等核心资料。,"检查运维操作手册,是否包括保持系统的可用性，及时维修、更换故障设备和更新软件。",否
530,220,是否妥善保存购置合同、软件授权证书或许可协议等核心资料。,a)访谈安全主管，询问是否对关键岗位人员定期进行安全审查和技能考核；b)检查考核记录，查看是否考核关键岗位人员，考核内容是否包含安全知识、安全技能等，考核是否至少每年一次。,否
543,220,是否妥善保存购置合同、软件授权证书或许可协议等核心资料。,a)访谈软件开发人员，询问其是否了解软件开发管理制度，是否了解代码编写安全规范，是否按照代码编写安全规范进行软件开发；b)检查代码编写安全规范，查看规范中是否明确代码编写规则，应抽样部分源代码，检查是...,否
564,220,是否妥善保存购置合同、软件授权证书或许可协议等核心资料。,检查事件管理流程，是否对信息系统运维事件的处理进行规范。,否
598,220,是否妥善保存购置合同、软件授权证书或许可协议等核心资料。,检查事件管理流程，是否对信息系统运维事件的处理进行规范。,否
668,220,是否妥善保存购置合同、软件授权证书或许可协议等核心资料。,a)访谈文档管理员，是否对软件采购合同、授权书等资料进行管理；b)检查文档清单，是否包含软件购置合同及授权许可。,否
672,220,是否妥善保存购置合同、软件授权证书或许可协议等核心资料。,a)访谈文档管理员，是否对软件采购合同、授权书等资料进行管理；b)检查文档清单，是否包含软件购置合同及授权许可。,否
221,221,是否编制软件清单，主要包括软件名称、软件编号、入库时间、软件版本，授权和许可情况、软件序列号、软件状态、软件维护期、软件安装设备、用途和使用责任人等内容，并保留软件启用、转移、升级、报废等过程的记录。,检查软件清单，是否包括软件名称、软件编号、入库时间、软件版本，授权和许可情况、软件序列号、软件状态、软件维护期、软件安装设备、用途和使用责任人等内容，并保留软件启用、转移、升级、报废等过程的记录。,是
445,221,是否编制软件清单，主要包括软件名称、软件编号、入库时间、软件版本，授权和许可情况、软件序列号、软件状态、软件维护期、软件安装设备、用途和使用责任人等内容，并保留软件启用、转移、升级、报废等过程的记录。,检查软件清单，是否包括软件名称、软件编号、入库时间、软件版本，授权和许可情况、软件序列号、软件状态、软件维护期、软件安装设备、用途和使用责任人等内容，并保留软件启用、转移、升级、报废等过程的记录。,否
222,222,软件清单记录是否完整。,检查软件清单，确认是否记录所有软件信息。,是
247,222,软件清单记录是否完整。,检查运维管理制度。,否
249,222,软件清单记录是否完整。,a)文档审阅，是否建立变更管理制度。,否
446,222,软件清单记录是否完整。,检查软件清单，确认是否记录所有软件信息。,否
223,223,是否使用技术软件检测办公电脑软件安装情况。,上机检查技术检测软件安装情况和检测记录,是
224,224,是否使用正版软件并保存软件授权证书和许可协议。,检查软件授权证书和许可协议，确认软件有授权，同时授权未过期；上机查看技术检测结果，对比软件安装实际情况和软件授权情况是否一致。,是
237,224,是否使用正版软件并保存软件授权证书和许可协议。,查阅公司员工名录，取得IT部门及风险管理部门、合规管理部门员工职责分工表及员工简历。,否
413,224,是否使用正版软件并保存软件授权证书和许可协议。,检查主要服务器操作系统、数据库或第三方安全审计产品（如堡垒机）的安全审计策略，查看是否为授权用户提供浏览和分析审计记录的功能，是否可以根据需要自动生成不同格式的审计报表，该功能是否已启用。,否
435,224,是否使用正版软件并保存软件授权证书和许可协议。,检查供应商列表，访谈信息技术负责人，判断是否定期收集、更新供应商信息。,否
448,224,是否使用正版软件并保存软件授权证书和许可协议。,检查软件授权证书和许可协议，确认软件有授权，同时授权未过期；上机查看技术检测结果，对比软件安装实际情况和软件授权情况是否一致。,否
501,224,是否使用正版软件并保存软件授权证书和许可协议。,检查邮件系统，确认是否设置密码策略，包括密码复杂度、密码有效期等，检查双因子登录认证。,否
576,224,是否使用正版软件并保存软件授权证书和许可协议。,检查邮件系统，确认是否设置密码策略，包括密码复杂度、密码有效期等，检查双因子登录认证。,否
604,224,是否使用正版软件并保存软件授权证书和许可协议。,a)查看“表L.8-本年度应急演练情况”和应急演练计划，是否每半年至少组织一次网络与信息安全应急演练；b)检查应急演练记录。,否
614,224,是否使用正版软件并保存软件授权证书和许可协议。,a)查看应急预案中是否要求建立应急通讯联络系统；b)抽查应急通讯联络系统中的相关信息是否真实、有效、可用。,否
637,224,是否使用正版软件并保存软件授权证书和许可协议。,检查主要服务器操作系统、重要终端操作系统和主要数据库管理系统的安全审计策略，查看是否为授权用户提供浏览和分析审计记录的功能，是否可以根据需要自动生成不同格式的审计报表。,否
